Type,Series,Color,Buff,Material,Force,Range,Attachment,Element,Series_Comp,Force_Comp,Range_Comp,Source
Dagger,Mach,White,x2,Iron,10,20,1,Fire,Mach,20,20,Traditional
Dagger,Mach,White,x2,Iron,10,20,1,Fire,Mach,20,20,Steampunk
Dagger,Mach,White,x2,Iron,10,20,1,Electric,Mach,20,20,Traditional
Dagger,Mach,White,x2,Iron,10,20,1,Electric,Mach,20,20,Steampunk
Dagger,Mach,White,x2,Iron,10,20,1,Bolt,Mach,20,20,Traditional
Dagger,Mach,White,x2,Iron,10,20,1,Bolt,Mach,20,20,Steampunk
Dagger,Mach,White,x2,Iron,10,20,1,Bolt,Mach,20,20,Tech
Dagger,Mach,White,x3,Iron,10,20,1,Fire,Mach,20,20,Traditional
Dagger,Mach,White,x3,Iron,10,20,1,Fire,Mach,20,20,Steampunk
Dagger,Mach,White,x3,Iron,10,20,1,Electric,Mach,20,20,Traditional
Dagger,Mach,White,x3,Iron,10,20,1,Electric,Mach,20,20,Steampunk
Dagger,Mach,White,x3,Iron,10,20,1,Bolt,Mach,20,20,Traditional
Dagger,Mach,White,x3,Iron,10,20,1,Bolt,Mach,20,20,Steampunk
Dagger,Mach,White,x3,Iron,10,20,1,Bolt,Mach,20,20,Tech
Dagger,Mach,White,x4,Iron,10,20,1,Fire,Mach,20,20,Traditional
Dagger,Mach,White,x4,Iron,10,20,1,Fire,Mach,20,20,Steampunk
Dagger,Mach,White,x4,Iron,10,20,1,Electric,Mach,20,20,Traditional
Dagger,Mach,White,x4,Iron,10,20,1,Electric,Mach,20,20,Steampunk
Dagger,Mach,White,x4,Iron,10,20,1,Bolt,Mach,20,20,Traditional
Dagger,Mach,White,x4,Iron,10,20,1,Bolt,Mach,20,20,Steampunk
Dagger,Mach,White,x4,Iron,10,20,1,Bolt,Mach,20,20,Tech
Dagger,Mach,White,x4,Iron,10,20,1,Fire,Mach,20,20,Traditional
Dagger,Mach,White,x4,Iron,10,20,1,Fire,Mach,20,20,Steampunk
Dagger,Mach,White,x4,Iron,10,20,1,Electric,Mach,20,20,Traditional
Dagger,Mach,White,x4,Iron,10,20,1,Electric,Mach,20,20,Steampunk
Dagger,Mach,White,x4,Iron,10,20,1,Bolt,Mach,20,20,Traditional
Dagger,Mach,White,x4,Iron,10,20,1,Bolt,Mach,20,20,Steampunk
Dagger,Mach,White,x4,Iron,10,20,1,Bolt,Mach,20,20,Tech
Dagger,Mach,White,+2,Iron,10,20,1,Fire,Mach,20,20,Traditional
Dagger,Mach,White,+2,Iron,10,20,1,Fire,Mach,20,20,Steampunk
Dagger,Mach,White,+2,Iron,10,20,1,Electric,Mach,20,20,Traditional
Dagger,Mach,White,+2,Iron,10,20,1,Electric,Mach,20,20,Steampunk
Dagger,Mach,White,+2,Iron,10,20,1,Bolt,Mach,20,20,Traditional
Dagger,Mach,White,+2,Iron,10,20,1,Bolt,Mach,20,20,Steampunk
Dagger,Mach,White,+2,Iron,10,20,1,Bolt,Mach,20,20,Tech
Dagger,Mach,Black,x2,Iron,10,20,1,Fire,Mach,20,20,Traditional
Dagger,Mach,Black,x2,Iron,10,20,1,Fire,Mach,20,20,Steampunk
Dagger,Mach,Black,x2,Iron,10,20,1,Electric,Mach,20,20,Traditional
Dagger,Mach,Black,x2,Iron,10,20,1,Electric,Mach,20,20,Steampunk
Dagger,Mach,Black,x2,Iron,10,20,1,Bolt,Mach,20,20,Traditional
Dagger,Mach,Black,x2,Iron,10,20,1,Bolt,Mach,20,20,Steampunk
Dagger,Mach,Black,x2,Iron,10,20,1,Bolt,Mach,20,20,Tech
Dagger,Mach,Black,x3,Iron,10,20,1,Fire,Mach,20,20,Traditional
Dagger,Mach,Black,x3,Iron,10,20,1,Fire,Mach,20,20,Steampunk
Dagger,Mach,Black,x3,Iron,10,20,1,Electric,Mach,20,20,Traditional
Dagger,Mach,Black,x3,Iron,10,20,1,Electric,Mach,20,20,Steampunk
Dagger,Mach,Black,x3,Iron,10,20,1,Bolt,Mach,20,20,Traditional
Dagger,Mach,Black,x3,Iron,10,20,1,Bolt,Mach,20,20,Steampunk
Dagger,Mach,Black,x3,Iron,10,20,1,Bolt,Mach,20,20,Tech
Dagger,Mach,Black,x4,Iron,10,20,1,Fire,Mach,20,20,Traditional
Dagger,Mach,Black,x4,Iron,10,20,1,Fire,Mach,20,20,Steampunk
Dagger,Mach,Black,x4,Iron,10,20,1,Electric,Mach,20,20,Traditional
Dagger,Mach,Black,x4,Iron,10,20,1,Electric,Mach,20,20,Steampunk
Dagger,Mach,Black,x4,Iron,10,20,1,Bolt,Mach,20,20,Traditional
Dagger,Mach,Black,x4,Iron,10,20,1,Bolt,Mach,20,20,Steampunk
Dagger,Mach,Black,x4,Iron,10,20,1,Bolt,Mach,20,20,Tech
Dagger,Mach,Clear,x2,Iron,10,20,1,Fire,Mach,20,20,Traditional
Dagger,Mach,Clear,x2,Iron,10,20,1,Fire,Mach,20,20,Steampunk
Dagger,Mach,Clear,x2,Iron,10,20,1,Electric,Mach,20,20,Traditional
Dagger,Mach,Clear,x2,Iron,10,20,1,Electric,Mach,20,20,Steampunk
Dagger,Mach,Clear,x2,Iron,10,20,1,Bolt,Mach,20,20,Traditional
Dagger,Mach,Clear,x2,Iron,10,20,1,Bolt,Mach,20,20,Steampunk
Dagger,Mach,Clear,x2,Iron,10,20,1,Bolt,Mach,20,20,Tech
Dagger,Mach,Burnt,x2,Iron,10,20,1,Fire,Mach,20,20,Traditional
Dagger,Mach,Burnt,x2,Iron,10,20,1,Fire,Mach,20,20,Steampunk
Dagger,Mach,Burnt,x2,Iron,10,20,1,Electric,Mach,20,20,Traditional
Dagger,Mach,Burnt,x2,Iron,10,20,1,Electric,Mach,20,20,Steampunk
Dagger,Mach,Burnt,x2,Iron,10,20,1,Bolt,Mach,20,20,Traditional
Dagger,Mach,Burnt,x2,Iron,10,20,1,Bolt,Mach,20,20,Steampunk
Dagger,Mach,Burnt,x2,Iron,10,20,1,Bolt,Mach,20,20,Tech
Warhammer,Mach,White,x2,Iron,10,20,1,Fire,Mach,20,20,Traditional
Warhammer,Mach,White,x2,Iron,10,20,1,Fire,Mach,20,20,Steampunk
Warhammer,Mach,White,x2,Iron,10,20,1,Electric,Mach,20,20,Traditional
Warhammer,Mach,White,x2,Iron,10,20,1,Electric,Mach,20,20,Steampunk
Warhammer,Mach,White,x2,Iron,10,20,1,Bolt,Mach,20,20,Traditional
Warhammer,Mach,White,x2,Iron,10,20,1,Bolt,Mach,20,20,Steampunk
Warhammer,Mach,White,x2,Iron,10,20,1,Bolt,Mach,20,20,Tech
Warhammer,Mach,White,x3,Iron,10,20,1,Fire,Mach,20,20,Traditional
Warhammer,Mach,White,x3,Iron,10,20,1,Fire,Mach,20,20,Steampunk
Warhammer,Mach,White,x3,Iron,10,20,1,Electric,Mach,20,20,Traditional
Warhammer,Mach,White,x3,Iron,10,20,1,Electric,Mach,20,20,Steampunk
Warhammer,Mach,White,x3,Iron,10,20,1,Bolt,Mach,20,20,Traditional
Warhammer,Mach,White,x3,Iron,10,20,1,Bolt,Mach,20,20,Steampunk
Warhammer,Mach,White,x3,Iron,10,20,1,Bolt,Mach,20,20,Tech
Warhammer,Mach,White,x4,Iron,10,20,1,Fire,Mach,20,20,Traditional
Warhammer,Mach,White,x4,Iron,10,20,1,Fire,Mach,20,20,Steampunk
Warhammer,Mach,White,x4,Iron,10,20,1,Electric,Mach,20,20,Traditional
Warhammer,Mach,White,x4,Iron,10,20,1,Electric,Mach,20,20,Steampunk
Warhammer,Mach,White,x4,Iron,10,20,1,Bolt,Mach,20,20,Traditional
Warhammer,Mach,White,x4,Iron,10,20,1,Bolt,Mach,20,20,Steampunk
Warhammer,Mach,White,x4,Iron,10,20,1,Bolt,Mach,20,20,Tech
Warhammer,Mach,Black,x2,Iron,10,20,1,Fire,Mach,20,20,Traditional
Warhammer,Mach,Black,x2,Iron,10,20,1,Fire,Mach,20,20,Steampunk
Warhammer,Mach,Black,x2,Iron,10,20,1,Electric,Mach,20,20,Traditional
Warhammer,Mach,Black,x2,Iron,10,20,1,Electric,Mach,20,20,Steampunk
Warhammer,Mach,Black,x2,Iron,10,20,1,Bolt,Mach,20,20,Traditional
Warhammer,Mach,Black,x2,Iron,10,20,1,Bolt,Mach,20,20,Steampunk
Warhammer,Mach,Black,x2,Iron,10,20,1,Bolt,Mach,20,20,Tech
Dagger,Mach,White,x2,Steel,10,40,1,Fire,Mach,20,40,Traditional
Dagger,Mach,White,x2,Steel,10,40,1,Fire,Mach,20,40,Steampunk
Dagger,Mach,White,x2,Steel,10,40,1,Electric,Mach,20,40,Traditional
Dagger,Mach,White,x2,Steel,10,40,1,Electric,Mach,20,40,Steampunk
Dagger,Mach,White,x2,Steel,10,40,1,Bolt,Mach,20,40,Traditional
Dagger,Mach,White,x2,Steel,10,40,1,Bolt,Mach,20,40,Steampunk
Dagger,Mach,White,x3,Steel,10,40,1,Fire,Mach,20,40,Traditional
Dagger,Mach,White,x3,Steel,10,40,1,Fire,Mach,20,40,Steampunk
Dagger,Mach,White,x3,Steel,10,40,1,Electric,Mach,20,40,Traditional
Dagger,Mach,White,x3,Steel,10,40,1,Electric,Mach,20,40,Steampunk
Dagger,Mach,White,x3,Steel,10,40,1,Bolt,Mach,20,40,Traditional
Dagger,Mach,White,x3,Steel,10,40,1,Bolt,Mach,20,40,Steampunk
Dagger,Mach,Black,x2,Steel,10,40,1,Fire,Mach,20,40,Traditional
Dagger,Mach,Black,x2,Steel,10,40,1,Fire,Mach,20,40,Steampunk
Dagger,Mach,Black,x2,Steel,10,40,1,Electric,Mach,20,40,Traditional
Dagger,Mach,Black,x2,Steel,10,40,1,Electric,Mach,20,40,Steampunk
Dagger,Mach,Black,x2,Steel,10,40,1,Bolt,Mach,20,40,Traditional
Dagger,Mach,Black,x2,Steel,10,40,1,Bolt,Mach,20,40,Steampunk
Dagger,Mach,Clear,x2,Steel,10,40,1,Fire,Mach,20,40,Traditional
Dagger,Mach,Clear,x2,Steel,10,40,1,Fire,Mach,20,40,Steampunk
Dagger,Mach,Clear,x2,Steel,10,40,1,Electric,Mach,20,40,Traditional
Dagger,Mach,Clear,x2,Steel,10,40,1,Electric,Mach,20,40,Steampunk
Dagger,Mach,Clear,x2,Steel,10,40,1,Bolt,Mach,20,40,Traditional
Dagger,Mach,Clear,x2,Steel,10,40,1,Bolt,Mach,20,40,Steampunk
Warhammer,Mach,White,x2,Steel,10,40,1,Fire,Mach,20,40,Traditional
Warhammer,Mach,White,x2,Steel,10,40,1,Fire,Mach,20,40,Steampunk
Warhammer,Mach,White,x2,Steel,10,40,1,Electric,Mach,20,40,Traditional
Warhammer,Mach,White,x2,Steel,10,40,1,Electric,Mach,20,40,Steampunk
Warhammer,Mach,White,x2,Steel,10,40,1,Bolt,Mach,20,40,Traditional
Warhammer,Mach,White,x2,Steel,10,40,1,Bolt,Mach,20,40,Steampunk
Warhammer,Mach,White,x3,Steel,10,40,1,Fire,Mach,20,40,Traditional
Warhammer,Mach,White,x3,Steel,10,40,1,Fire,Mach,20,40,Steampunk
Warhammer,Mach,White,x3,Steel,10,40,1,Electric,Mach,20,40,Traditional
Warhammer,Mach,White,x3,Steel,10,40,1,Electric,Mach,20,40,Steampunk
Warhammer,Mach,White,x3,Steel,10,40,1,Bolt,Mach,20,40,Traditional
Warhammer,Mach,White,x3,Steel,10,40,1,Bolt,Mach,20,40,Steampunk
Warhammer,Mach,Black,x2,Steel,10,40,1,Fire,Mach,20,40,Traditional
Warhammer,Mach,Black,x2,Steel,10,40,1,Fire,Mach,20,40,Steampunk
Warhammer,Mach,Black,x2,Steel,10,40,1,Electric,Mach,20,40,Traditional
Warhammer,Mach,Black,x2,Steel,10,40,1,Electric,Mach,20,40,Steampunk
Warhammer,Mach,Black,x2,Steel,10,40,1,Bolt,Mach,20,40,Traditional
Warhammer,Mach,Black,x2,Steel,10,40,1,Bolt,Mach,40,40,Steampunk
Dagger,Mach,White,x2,Iron,20,40,1,Fire,Mach,40,40,Traditional
Dagger,Mach,White,x2,Iron,20,40,1,Fire,Mach,40,40,Steampunk
Dagger,Mach,White,x2,Iron,20,40,1,Electric,Mach,40,40,Traditional
Dagger,Mach,White,x2,Iron,20,40,1,Electric,Mach,40,40,Steampunk
Dagger,Mach,White,x2,Iron,20,40,1,Bolt,Mach,40,40,Traditional
Dagger,Mach,White,x2,Iron,20,40,1,Bolt,Mach,40,40,Steampunk
Dagger,Mach,White,x2,Iron,20,40,1,Bolt,Mach,40,40,Tech
Dagger,Mach,White,x3,Iron,20,40,1,Fire,Mach,40,40,Traditional
Dagger,Mach,White,x3,Iron,20,40,1,Fire,Mach,40,40,Steampunk
Dagger,Mach,White,x3,Iron,20,40,1,Electric,Mach,40,40,Traditional
Dagger,Mach,White,x3,Iron,20,40,1,Electric,Mach,40,40,Steampunk
Dagger,Mach,White,x3,Iron,20,40,1,Bolt,Mach,40,40,Traditional
Dagger,Mach,White,x3,Iron,20,40,1,Bolt,Mach,40,40,Steampunk
Dagger,Mach,White,x3,Iron,20,40,1,Bolt,Mach,40,40,Tech
Dagger,Mach,White,x4,Iron,20,40,1,Fire,Mach,40,40,Traditional
Dagger,Mach,White,x4,Iron,20,40,1,Fire,Mach,40,40,Steampunk
Dagger,Mach,White,x4,Iron,20,40,1,Electric,Mach,40,40,Traditional
Dagger,Mach,White,x4,Iron,20,40,1,Electric,Mach,40,40,Steampunk
Dagger,Mach,White,x4,Iron,20,40,1,Bolt,Mach,40,40,Traditional
Dagger,Mach,White,x4,Iron,20,40,1,Bolt,Mach,40,40,Steampunk
Dagger,Mach,White,x4,Iron,20,40,1,Bolt,Mach,40,40,Tech
Dagger,Mach,Black,x2,Iron,20,40,1,Fire,Mach,40,40,Traditional
Dagger,Mach,Black,x2,Iron,20,40,1,Fire,Mach,40,40,Steampunk
Dagger,Mach,Black,x2,Iron,20,40,1,Electric,Mach,40,40,Traditional
Dagger,Mach,Black,x2,Iron,20,40,1,Electric,Mach,40,40,Steampunk
Dagger,Mach,Black,x2,Iron,20,40,1,Bolt,Mach,40,40,Traditional
Dagger,Mach,Black,x2,Iron,20,40,1,Bolt,Mach,40,40,Steampunk
Dagger,Mach,Black,x2,Iron,20,40,1,Bolt,Mach,40,40,Tech
Dagger,Mach,Clear,x2,Iron,20,40,1,Fire,Mach,40,40,Traditional
Dagger,Mach,Clear,x2,Iron,20,40,1,Fire,Mach,40,40,Steampunk
Dagger,Mach,Clear,x2,Iron,20,40,1,Electric,Mach,40,40,Traditional
Dagger,Mach,Clear,x2,Iron,20,40,1,Electric,Mach,40,40,Steampunk
Dagger,Mach,Clear,x2,Iron,20,40,1,Bolt,Mach,40,40,Traditional
Dagger,Mach,Clear,x2,Iron,20,40,1,Bolt,Mach,40,40,Steampunk
Dagger,Mach,Clear,x2,Iron,20,40,1,Bolt,Mach,40,40,Tech
Warhammer,Mach,White,x2,Iron,20,40,1,Fire,Mach,40,40,Traditional
Warhammer,Mach,White,x2,Iron,20,40,1,Fire,Mach,40,40,Steampunk
Warhammer,Mach,White,x2,Iron,20,40,1,Electric,Mach,40,40,Traditional
Warhammer,Mach,White,x2,Iron,20,40,1,Electric,Mach,40,40,Steampunk
Warhammer,Mach,White,x2,Iron,20,40,1,Bolt,Mach,40,40,Traditional
Warhammer,Mach,White,x2,Iron,20,40,1,Bolt,Mach,40,40,Steampunk
Warhammer,Mach,White,x2,Iron,20,40,1,Bolt,Mach,40,40,Tech
Warhammer,Mach,White,x3,Iron,20,40,1,Fire,Mach,40,40,Traditional
Warhammer,Mach,White,x3,Iron,20,40,1,Fire,Mach,40,40,Steampunk
Warhammer,Mach,White,x3,Iron,20,40,1,Electric,Mach,40,40,Traditional
Warhammer,Mach,White,x3,Iron,20,40,1,Electric,Mach,40,40,Steampunk
Warhammer,Mach,White,x3,Iron,20,40,1,Bolt,Mach,40,40,Traditional
Warhammer,Mach,White,x3,Iron,20,40,1,Bolt,Mach,40,40,Steampunk
Warhammer,Mach,White,x3,Iron,20,40,1,Bolt,Mach,40,40,Tech
Warhammer,Mach,Black,x2,Iron,20,40,1,Fire,Mach,40,40,Traditional
Warhammer,Mach,Black,x2,Iron,20,40,1,Fire,Mach,40,40,Steampunk
Warhammer,Mach,Black,x2,Iron,20,40,1,Electric,Mach,40,40,Traditional
Warhammer,Mach,Black,x2,Iron,20,40,1,Electric,Mach,40,40,Steampunk
Warhammer,Mach,Black,x2,Iron,20,40,1,Bolt,Mach,40,40,Traditional
Warhammer,Mach,Black,x2,Iron,20,40,1,Bolt,Mach,40,40,Steampunk
Warhammer,Mach,Black,x2,Iron,20,40,1,Bolt,Mach,40,40,Tech
Dagger,Mach,White,x2,Steel,10,60,1,Fire,Mach,20,60,Traditional
Dagger,Mach,White,x2,Steel,10,60,1,Fire,Mach,20,60,Steampunk
Warhammer,Mach,White,x2,Steel,10,60,1,Fire,Mach,20,60,Traditional
Warhammer,Mach,White,x2,Steel,10,60,1,Fire,Mach,20,60,Steampunk
Dagger,Mach,White,x2,Steel,20,60,1,Fire,Mach,40,60,Traditional
Dagger,Mach,White,x2,Steel,20,60,1,Fire,Mach,40,60,Steampunk
Warhammer,Mach,White,x2,Steel,20,60,1,Fire,Mach,40,60,Traditional
Warhammer,Mach,White,x2,Steel,20,60,1,Fire,Mach,40,60,Steampunk
Dagger,Mach,White,x2,Iron,25,25,1,Fire,Mach,25,25,Traditional
Dagger,Mach,White,x2,Iron,25,25,1,Fire,Mach,25,25,Steampunk
Dagger,Mach,White,x2,Iron,25,25,1,Bolt,Mach,25,25,Traditional
Dagger,Mach,White,x2,Iron,25,25,1,Bolt,Mach,25,25,Steampunk
Dagger,Mach,White,x2,Iron,25,25,1,Bolt,Mach,25,25,Tech
Warhammer,Mach,White,x2,Iron,25,25,1,Fire,Mach,25,25,Traditional
Warhammer,Mach,White,x2,Iron,25,25,1,Fire,Mach,25,25,Steampunk
Warhammer,Mach,White,x2,Iron,25,25,1,Bolt,Mach,25,25,Traditional
Warhammer,Mach,White,x2,Iron,25,25,1,Bolt,Mach,25,25,Steampunk
Warhammer,Mach,White,x2,Iron,25,25,1,Bolt,Mach,25,25,Tech
Dagger,Mach,Black,x2,Iron,25,25,1,Fire,Mach,25,25,Traditional
Dagger,Mach,Black,x2,Iron,25,25,1,Fire,Mach,25,25,Steampunk
Dagger,Mach,Black,x2,Iron,25,25,1,Bolt,Mach,25,25,Traditional
Dagger,Mach,Black,x2,Iron,25,25,1,Bolt,Mach,25,25,Steampunk
Dagger,Mach,Black,x2,Iron,25,25,1,Bolt,Mach,25,25,Tech
Dagger,Mach,White,x2,Steel,25,50,1,Fire,Mach,25,50,Traditional
Dagger,Mach,White,x2,Steel,25,50,1,Fire,Mach,25,50,Steampunk
Dagger,Mach,White,x2,Steel,25,50,1,Bolt,Mach,25,50,Traditional
Dagger,Mach,White,x2,Steel,25,50,1,Bolt,Mach,25,50,Steampunk
Dagger,Mach,White,x2,Steel,25,50,1,Bolt,Mach,25,50,Tech
Warhammer,Mach,White,x2,Steel,25,50,1,Fire,Mach,25,50,Traditional
Warhammer,Mach,White,x2,Steel,25,50,1,Fire,Mach,25,50,Steampunk
Warhammer,Mach,White,x2,Steel,25,50,1,Bolt,Mach,25,50,Traditional
Warhammer,Mach,White,x2,Steel,25,50,1,Bolt,Mach,25,50,Steampunk
Warhammer,Mach,White,x2,Steel,25,50,1,Bolt,Mach,25,50,Tech
Dagger,Mach,Black,x2,Steel,25,50,1,Fire,Mach,25,50,Traditional
Dagger,Mach,Black,x2,Steel,25,50,1,Fire,Mach,25,50,Steampunk
Dagger,Mach,Black,x2,Steel,25,50,1,Bolt,Mach,25,50,Traditional
Dagger,Mach,Black,x2,Steel,25,50,1,Bolt,Mach,25,50,Steampunk
Dagger,Mach,Black,x2,Steel,25,50,1,Bolt,Mach,25,50,Tech
Dagger,Mach,White,x4,Bronze,10,20,1,Fire,Mach,20,20,Traditional
Dagger,Mach,White,x4,Bronze,10,20,1,Fire,Mach,20,20,Steampunk
Dagger,Mach,White,x4,Aluminum,10,20,1,Fire,Mach,20,20,Traditional
Dagger,Mach,White,x4,Aluminum,10,20,1,Fire,Mach,20,20,Steampunk
Dagger,Mach,White,x4,Titanium,10,20,1,Fire,Mach,20,20,Traditional
Dagger,Mach,White,x4,Titanium,10,20,1,Fire,Mach,20,20,Steampunk
Dagger,Mach,White,+3,Platinum,28,-,1,Fire,Mach,-,-,Traditional
Dagger,Mach,White,+3,Platinum,28,-,1,Fire,Mach,-,-,Steampunk
Dagger,Mach,White,+4,Gold,28,-,1,Gale,Mach,-,-,Mystery
Dagger,Mach,White,x4,Gold,10,20,1,Fire,Mach,20,20,Traditional
Dagger,Mach,White,x4,Gold,10,20,1,Fire,Mach,20,20,Steampunk
Warhammer,Mach,White,x4,Gold,10,20,1,Fire,Mach,20,20,Traditional
Warhammer,Mach,White,x4,Gold,10,20,1,Fire,Mach,20,20,Steampunk
Dagger,Mach,White,+3,Platinum,28,-,1,Fire,Mach,-,-,Traditional
Dagger,Mach,White,+3,Platinum,28,-,1,Fire,Mach,-,-,Steampunk
Dagger,Mach,White,x2,Iron,25,25,1,Fire,Mach,25,25,Traditional
Dagger,Mach,White,x2,Iron,25,25,1,Fire,Mach,25,25,Steampunk
Dagger,Mach,White,x2,Iron,25,25,1,Bolt,Mach,25,25,Traditional
Dagger,Mach,White,x2,Iron,25,25,1,Bolt,Mach,25,25,Steampunk
Dagger,Mach,White,x2,Iron,25,25,1,Bolt,Mach,25,25,Tech
Dagger,Mach,White,x2,Steel,25,50,1,Fire,Mach,25,50,Traditional
Dagger,Mach,White,x2,Steel,25,50,1,Fire,Mach,25,50,Steampunk
Dagger,Mach,White,x2,Steel,25,50,1,Bolt,Mach,25,50,Traditional
Dagger,Mach,White,x2,Steel,25,50,1,Bolt,Mach,25,50,Steampunk
Dagger,Mach,White,x2,Steel,25,50,1,Bolt,Mach,25,50,Tech
Dagger,Mach,White,x2,Iron,10,20,1,Fire,Mach,20,20,Traditional
Dagger,Mach,White,x2,Iron,10,20,1,Fire,Mach,20,20,Steampunk
Dagger,Mach,White,x2,Iron,10,20,1,Electric,Mach,20,20,Traditional
Dagger,Mach,White,x2,Iron,10,20,1,Electric,Mach,20,20,Steampunk
Dagger,Mach,White,x2,Iron,10,20,1,Bolt,Mach,20,20,Traditional
Dagger,Mach,White,x2,Iron,10,20,1,Bolt,Mach,20,20,Steampunk
Dagger,Mach,White,x2,Iron,10,20,1,Bolt,Mach,20,20,Tech
Dagger,Mach,White,x2,Steel,25,50,1,Fire,Mach,25,50,Traditional
Dagger,Mach,White,x2,Steel,25,50,1,Fire,Mach,25,50,Steampunk
Dagger,Mach,White,x2,Steel,25,50,1,Bolt,Mach,25,50,Traditional
Dagger,Mach,White,x2,Steel,25,50,1,Bolt,Mach,25,50,Steampunk
Dagger,Mach,White,x2,Steel,25,50,1,Bolt,Mach,25,50,Tech
Dagger,Mach,White,x2,Steel,20,60,1,Fire,Mach,40,60,Traditional
Dagger,Mach,White,x2,Steel,20,60,1,Fire,Mach,40,60,Steampunk
Dagger,Mach,White,x2,Steel,20,60,1,Fire,Mach,40,60,Traditional
Dagger,Mach,White,x2,Steel,20,60,1,Fire,Mach,40,60,Steampunk
Dagger,Mach,Burnt,x2,Iron,20,40,1,Fire,Mach,40,40,Traditional
Dagger,Mach,Burnt,x2,Iron,20,40,1,Fire,Mach,40,40,Steampunk
Dagger,Mach,Burnt,x2,Iron,20,40,1,Electric,Mach,40,40,Traditional
Dagger,Mach,Burnt,x2,Iron,20,40,1,Electric,Mach,40,40,Steampunk
Dagger,Mach,Burnt,x2,Iron,20,40,1,Bolt,Mach,40,40,Traditional
Dagger,Mach,Burnt,x2,Iron,20,40,1,Bolt,Mach,40,40,Steampunk
Dagger,Mach,Burnt,x2,Iron,20,40,1,Bolt,Mach,40,40,Tech
Dagger,Mach,White,x2,Steel,10,40,1,Fire,Mach,20,40,Traditional
Dagger,Mach,White,x2,Steel,10,40,1,Fire,Mach,20,40,Steampunk
Dagger,Mach,White,x2,Steel,10,40,1,Electric,Mach,20,40,Traditional
Dagger,Mach,White,x2,Steel,10,40,1,Electric,Mach,20,40,Steampunk
Dagger,Mach,White,x2,Steel,10,40,1,Bolt,Mach,20,40,Traditional
Dagger,Mach,White,x2,Steel,10,40,1,Bolt,Mach,20,40,Steampunk
Dagger,Mach,White,x2,Steel,10,60,1,Fire,Mach,20,60,Traditional
Dagger,Mach,White,x2,Steel,10,60,1,Fire,Mach,20,60,Steampunk
Dagger,Mach,Burnt,x2,Iron,25,25,1,Fire,Mach,25,25,Traditional
Dagger,Mach,Burnt,x2,Iron,25,25,1,Fire,Mach,25,25,Steampunk
Dagger,Mach,Burnt,x2,Iron,25,25,1,Bolt,Mach,25,25,Traditional
Dagger,Mach,Burnt,x2,Iron,25,25,1,Bolt,Mach,25,25,Steampunk
Dagger,Mach,Burnt,x2,Iron,25,25,1,Bolt,Mach,25,25,Tech
Dagger,Mach,White,x2,Iron,20,40,1,Fire,Mach,40,40,Traditional
Dagger,Mach,White,x2,Iron,20,40,1,Fire,Mach,40,40,Steampunk
Dagger,Mach,White,x2,Iron,20,40,1,Electric,Mach,40,40,Traditional
Dagger,Mach,White,x2,Iron,20,40,1,Electric,Mach,40,40,Steampunk
Dagger,Mach,White,x2,Iron,20,40,1,Bolt,Mach,40,40,Traditional
Dagger,Mach,White,x2,Iron,20,40,1,Bolt,Mach,40,40,Steampunk
Dagger,Mach,White,x2,Iron,20,40,1,Bolt,Mach,40,40,Tech
Dagger,Mach,Burnt,x2,Steel,10,40,1,Fire,Mach,20,40,Traditional
Dagger,Mach,Burnt,x2,Steel,10,40,1,Fire,Mach,20,40,Steampunk
Dagger,Mach,Burnt,x2,Steel,10,40,1,Electric,Mach,20,40,Traditional
Dagger,Mach,Burnt,x2,Steel,10,40,1,Electric,Mach,20,40,Steampunk
Dagger,Mach,Burnt,x2,Steel,10,40,1,Bolt,Mach,20,40,Traditional
Dagger,Mach,Burnt,x2,Steel,10,40,1,Bolt,Mach,20,40,Steampunk
Dagger,Mach,White,x2,Steel,10,40,1,Fire,Mach,20,40,Traditional
Dagger,Mach,White,x2,Steel,10,40,1,Fire,Mach,20,40,Steampunk
Dagger,Mach,White,x2,Steel,10,40,1,Electric,Mach,20,40,Traditional
Dagger,Mach,White,x2,Steel,10,40,1,Electric,Mach,20,40,Steampunk
Dagger,Mach,White,x2,Steel,10,40,1,Bolt,Mach,20,40,Traditional
Dagger,Mach,White,x2,Steel,10,40,1,Bolt,Mach,20,40,Steampunk
Dagger,Mach,White,x2,Steel,10,60,1,Fire,Mach,20,60,Traditional
Dagger,Mach,White,x2,Steel,10,60,1,Fire,Mach,20,60,Steampunk
Dagger,Heavy,White,x2,Iron,30,30,1,Fire,Heavy,30,30,Traditional
Dagger,Heavy,White,x2,Iron,30,30,1,Fire,Heavy,30,30,Steampunk
Dagger,Heavy,White,x2,Iron,30,30,1,Electric,Heavy,30,30,Traditional
Dagger,Heavy,White,x2,Iron,30,30,1,Electric,Heavy,30,30,Steampunk
Dagger,Heavy,White,x2,Iron,30,30,1,Bolt,Heavy,30,30,Traditional
Dagger,Heavy,White,x2,Iron,30,30,1,Bolt,Heavy,30,30,Steampunk
Dagger,Heavy,White,x2,Iron,30,30,1,Bolt,Heavy,30,30,Tech
Dagger,Heavy,White,x3,Iron,30,30,1,Fire,Heavy,30,30,Traditional
Dagger,Heavy,White,x3,Iron,30,30,1,Fire,Heavy,30,30,Steampunk
Dagger,Heavy,White,x3,Iron,30,30,1,Electric,Heavy,30,30,Traditional
Dagger,Heavy,White,x3,Iron,30,30,1,Electric,Heavy,30,30,Steampunk
Dagger,Heavy,White,x3,Iron,30,30,1,Bolt,Heavy,30,30,Traditional
Dagger,Heavy,White,x3,Iron,30,30,1,Bolt,Heavy,30,30,Steampunk
Dagger,Heavy,White,x3,Iron,30,30,1,Bolt,Heavy,30,30,Tech
Dagger,Heavy,White,x4,Iron,30,30,1,Fire,Heavy,30,30,Traditional
Dagger,Heavy,White,x4,Iron,30,30,1,Fire,Heavy,30,30,Steampunk
Dagger,Heavy,White,x4,Iron,30,30,1,Electric,Heavy,30,30,Traditional
Dagger,Heavy,White,x4,Iron,30,30,1,Electric,Heavy,30,30,Steampunk
Dagger,Heavy,White,x4,Iron,30,30,1,Bolt,Heavy,30,30,Traditional
Dagger,Heavy,White,x4,Iron,30,30,1,Bolt,Heavy,30,30,Steampunk
Dagger,Heavy,White,x4,Iron,30,30,1,Bolt,Heavy,30,30,Tech
Dagger,Heavy,White,x4,Iron,30,30,1,Fire,Heavy,30,30,Traditional
Dagger,Heavy,White,x4,Iron,30,30,1,Fire,Heavy,30,30,Steampunk
Dagger,Heavy,White,x4,Iron,30,30,1,Electric,Heavy,30,30,Traditional
Dagger,Heavy,White,x4,Iron,30,30,1,Electric,Heavy,30,30,Steampunk
Dagger,Heavy,White,x4,Iron,30,30,1,Bolt,Heavy,30,30,Traditional
Dagger,Heavy,White,x4,Iron,30,30,1,Bolt,Heavy,30,30,Steampunk
Dagger,Heavy,White,x4,Iron,30,30,1,Bolt,Heavy,30,30,Tech
Dagger,Heavy,White,+2,Iron,30,30,1,Fire,Heavy,30,30,Traditional
Dagger,Heavy,White,+2,Iron,30,30,1,Fire,Heavy,30,30,Steampunk
Dagger,Heavy,White,+2,Iron,30,30,1,Electric,Heavy,30,30,Traditional
Dagger,Heavy,White,+2,Iron,30,30,1,Electric,Heavy,30,30,Steampunk
Dagger,Heavy,White,+2,Iron,30,30,1,Bolt,Heavy,30,30,Traditional
Dagger,Heavy,White,+2,Iron,30,30,1,Bolt,Heavy,30,30,Steampunk
Dagger,Heavy,White,+2,Iron,30,30,1,Bolt,Heavy,30,30,Tech
Dagger,Heavy,Black,x2,Iron,30,30,1,Fire,Heavy,30,30,Traditional
Dagger,Heavy,Black,x2,Iron,30,30,1,Fire,Heavy,30,30,Steampunk
Dagger,Heavy,Black,x2,Iron,30,30,1,Electric,Heavy,30,30,Traditional
Dagger,Heavy,Black,x2,Iron,30,30,1,Electric,Heavy,30,30,Steampunk
Dagger,Heavy,Black,x2,Iron,30,30,1,Bolt,Heavy,30,30,Traditional
Dagger,Heavy,Black,x2,Iron,30,30,1,Bolt,Heavy,30,30,Steampunk
Dagger,Heavy,Black,x2,Iron,30,30,1,Bolt,Heavy,30,30,Tech
Dagger,Heavy,Black,x3,Iron,30,30,1,Fire,Heavy,30,30,Traditional
Dagger,Heavy,Black,x3,Iron,30,30,1,Fire,Heavy,30,30,Steampunk
Dagger,Heavy,Black,x3,Iron,30,30,1,Electric,Heavy,30,30,Traditional
Dagger,Heavy,Black,x3,Iron,30,30,1,Electric,Heavy,30,30,Steampunk
Dagger,Heavy,Black,x3,Iron,30,30,1,Bolt,Heavy,30,30,Traditional
Dagger,Heavy,Black,x3,Iron,30,30,1,Bolt,Heavy,30,30,Steampunk
Dagger,Heavy,Black,x3,Iron,30,30,1,Bolt,Heavy,30,30,Tech
Dagger,Heavy,Black,x4,Iron,30,30,1,Fire,Heavy,30,30,Traditional
Dagger,Heavy,Black,x4,Iron,30,30,1,Fire,Heavy,30,30,Steampunk
Dagger,Heavy,Black,x4,Iron,30,30,1,Electric,Heavy,30,30,Traditional
Dagger,Heavy,Black,x4,Iron,30,30,1,Electric,Heavy,30,30,Steampunk
Dagger,Heavy,Black,x4,Iron,30,30,1,Bolt,Heavy,30,30,Traditional
Dagger,Heavy,Black,x4,Iron,30,30,1,Bolt,Heavy,30,30,Steampunk
Dagger,Heavy,Black,x4,Iron,30,30,1,Bolt,Heavy,30,30,Tech
Longsword,Heavy,White,x2,Iron,30,30,1,Fire,Heavy,30,30,Traditional
Longsword,Heavy,White,x2,Iron,30,30,1,Fire,Heavy,30,30,Steampunk
Longsword,Heavy,White,x2,Iron,30,30,1,Electric,Heavy,30,30,Traditional
Longsword,Heavy,White,x2,Iron,30,30,1,Electric,Heavy,30,30,Steampunk
Longsword,Heavy,White,x2,Iron,30,30,1,Bolt,Heavy,30,30,Traditional
Longsword,Heavy,White,x2,Iron,30,30,1,Bolt,Heavy,30,30,Steampunk
Longsword,Heavy,White,x2,Iron,30,30,1,Bolt,Heavy,30,30,Tech
Longsword,Heavy,White,x3,Iron,30,30,1,Fire,Heavy,30,30,Traditional
Longsword,Heavy,White,x3,Iron,30,30,1,Fire,Heavy,30,30,Steampunk
Longsword,Heavy,White,x3,Iron,30,30,1,Electric,Heavy,30,30,Traditional
Longsword,Heavy,White,x3,Iron,30,30,1,Electric,Heavy,30,30,Steampunk
Longsword,Heavy,White,x3,Iron,30,30,1,Bolt,Heavy,30,30,Traditional
Longsword,Heavy,White,x3,Iron,30,30,1,Bolt,Heavy,30,30,Steampunk
Longsword,Heavy,White,x3,Iron,30,30,1,Bolt,Heavy,30,30,Tech
Longsword,Heavy,White,x4,Iron,30,30,1,Fire,Heavy,30,30,Traditional
Longsword,Heavy,White,x4,Iron,30,30,1,Fire,Heavy,30,30,Steampunk
Longsword,Heavy,White,x4,Iron,30,30,1,Electric,Heavy,30,30,Traditional
Longsword,Heavy,White,x4,Iron,30,30,1,Electric,Heavy,30,30,Steampunk
Longsword,Heavy,White,x4,Iron,30,30,1,Bolt,Heavy,30,30,Traditional
Longsword,Heavy,White,x4,Iron,30,30,1,Bolt,Heavy,30,30,Steampunk
Longsword,Heavy,White,x4,Iron,30,30,1,Bolt,Heavy,30,30,Tech
Longsword,Heavy,White,x4,Iron,30,30,1,Fire,Heavy,30,30,Traditional
Longsword,Heavy,White,x4,Iron,30,30,1,Fire,Heavy,30,30,Steampunk
Longsword,Heavy,White,x4,Iron,30,30,1,Electric,Heavy,30,30,Traditional
Longsword,Heavy,White,x4,Iron,30,30,1,Electric,Heavy,30,30,Steampunk
Longsword,Heavy,White,x4,Iron,30,30,1,Bolt,Heavy,30,30,Traditional
Longsword,Heavy,White,x4,Iron,30,30,1,Bolt,Heavy,30,30,Steampunk
Longsword,Heavy,White,x4,Iron,30,30,1,Bolt,Heavy,30,30,Tech
Longsword,Heavy,White,+2,Iron,30,30,1,Fire,Heavy,30,30,Traditional
Longsword,Heavy,White,+2,Iron,30,30,1,Fire,Heavy,30,30,Steampunk
Longsword,Heavy,White,+2,Iron,30,30,1,Electric,Heavy,30,30,Traditional
Longsword,Heavy,White,+2,Iron,30,30,1,Electric,Heavy,30,30,Steampunk
Longsword,Heavy,White,+2,Iron,30,30,1,Bolt,Heavy,30,30,Traditional
Longsword,Heavy,White,+2,Iron,30,30,1,Bolt,Heavy,30,30,Steampunk
Longsword,Heavy,White,+2,Iron,30,30,1,Bolt,Heavy,30,30,Tech
Longsword,Heavy,Black,x2,Iron,30,30,1,Fire,Heavy,30,30,Traditional
Longsword,Heavy,Black,x2,Iron,30,30,1,Fire,Heavy,30,30,Steampunk
Longsword,Heavy,Black,x2,Iron,30,30,1,Electric,Heavy,30,30,Traditional
Longsword,Heavy,Black,x2,Iron,30,30,1,Electric,Heavy,30,30,Steampunk
Longsword,Heavy,Black,x2,Iron,30,30,1,Bolt,Heavy,30,30,Traditional
Longsword,Heavy,Black,x2,Iron,30,30,1,Bolt,Heavy,30,30,Steampunk
Longsword,Heavy,Black,x2,Iron,30,30,1,Bolt,Heavy,30,30,Tech
Longsword,Heavy,Black,x3,Iron,30,30,1,Fire,Heavy,30,30,Traditional
Longsword,Heavy,Black,x3,Iron,30,30,1,Fire,Heavy,30,30,Steampunk
Longsword,Heavy,Black,x3,Iron,30,30,1,Electric,Heavy,30,30,Traditional
Longsword,Heavy,Black,x3,Iron,30,30,1,Electric,Heavy,30,30,Steampunk
Longsword,Heavy,Black,x3,Iron,30,30,1,Bolt,Heavy,30,30,Traditional
Longsword,Heavy,Black,x3,Iron,30,30,1,Bolt,Heavy,30,30,Steampunk
Longsword,Heavy,Black,x3,Iron,30,30,1,Bolt,Heavy,30,30,Tech
Longsword,Heavy,Black,x4,Iron,30,30,1,Fire,Heavy,30,30,Traditional
Longsword,Heavy,Black,x4,Iron,30,30,1,Fire,Heavy,30,30,Steampunk
Longsword,Heavy,Black,x4,Iron,30,30,1,Electric,Heavy,30,30,Traditional
Longsword,Heavy,Black,x4,Iron,30,30,1,Electric,Heavy,30,30,Steampunk
Longsword,Heavy,Black,x4,Iron,30,30,1,Bolt,Heavy,30,30,Traditional
Longsword,Heavy,Black,x4,Iron,30,30,1,Bolt,Heavy,30,30,Steampunk
Longsword,Heavy,Black,x4,Iron,30,30,1,Bolt,Heavy,30,30,Tech
Rapier,Heavy,White,x2,Iron,30,30,1,Fire,Heavy,30,30,Traditional
Rapier,Heavy,White,x2,Iron,30,30,1,Fire,Heavy,30,30,Steampunk
Rapier,Heavy,White,x2,Iron,30,30,1,Electric,Heavy,30,30,Traditional
Rapier,Heavy,White,x2,Iron,30,30,1,Electric,Heavy,30,30,Steampunk
Rapier,Heavy,White,x2,Iron,30,30,1,Bolt,Heavy,30,30,Traditional
Rapier,Heavy,White,x2,Iron,30,30,1,Bolt,Heavy,30,30,Steampunk
Rapier,Heavy,White,x2,Iron,30,30,1,Bolt,Heavy,30,30,Tech
Rapier,Heavy,White,x3,Iron,30,30,1,Fire,Heavy,30,30,Traditional
Rapier,Heavy,White,x3,Iron,30,30,1,Fire,Heavy,30,30,Steampunk
Rapier,Heavy,White,x3,Iron,30,30,1,Electric,Heavy,30,30,Traditional
Rapier,Heavy,White,x3,Iron,30,30,1,Electric,Heavy,30,30,Steampunk
Rapier,Heavy,White,x3,Iron,30,30,1,Bolt,Heavy,30,30,Traditional
Rapier,Heavy,White,x3,Iron,30,30,1,Bolt,Heavy,30,30,Steampunk
Rapier,Heavy,White,x3,Iron,30,30,1,Bolt,Heavy,30,30,Tech
Rapier,Heavy,White,x4,Iron,30,30,1,Fire,Heavy,30,30,Traditional
Rapier,Heavy,White,x4,Iron,30,30,1,Fire,Heavy,30,30,Steampunk
Rapier,Heavy,White,x4,Iron,30,30,1,Electric,Heavy,30,30,Traditional
Rapier,Heavy,White,x4,Iron,30,30,1,Electric,Heavy,30,30,Steampunk
Rapier,Heavy,White,x4,Iron,30,30,1,Bolt,Heavy,30,30,Traditional
Rapier,Heavy,White,x4,Iron,30,30,1,Bolt,Heavy,30,30,Steampunk
Rapier,Heavy,White,x4,Iron,30,30,1,Bolt,Heavy,30,30,Tech
Rapier,Heavy,Black,x2,Iron,30,30,1,Fire,Heavy,30,30,Traditional
Rapier,Heavy,Black,x2,Iron,30,30,1,Fire,Heavy,30,30,Steampunk
Rapier,Heavy,Black,x2,Iron,30,30,1,Electric,Heavy,30,30,Traditional
Rapier,Heavy,Black,x2,Iron,30,30,1,Electric,Heavy,30,30,Steampunk
Rapier,Heavy,Black,x2,Iron,30,30,1,Bolt,Heavy,30,30,Traditional
Rapier,Heavy,Black,x2,Iron,30,30,1,Bolt,Heavy,30,30,Steampunk
Rapier,Heavy,Black,x2,Iron,30,30,1,Bolt,Heavy,30,30,Tech
Sabre,Heavy,White,x2,Iron,30,30,1,Fire,Heavy,30,30,Traditional
Sabre,Heavy,White,x2,Iron,30,30,1,Fire,Heavy,30,30,Steampunk
Sabre,Heavy,White,x2,Iron,30,30,1,Electric,Heavy,30,30,Traditional
Sabre,Heavy,White,x2,Iron,30,30,1,Electric,Heavy,30,30,Steampunk
Sabre,Heavy,White,x2,Iron,30,30,1,Bolt,Heavy,30,30,Traditional
Sabre,Heavy,White,x2,Iron,30,30,1,Bolt,Heavy,30,30,Steampunk
Sabre,Heavy,White,x2,Iron,30,30,1,Bolt,Heavy,30,30,Tech
Spear,Heavy,White,x2,Iron,30,30,1,Fire,Heavy,30,30,Traditional
Spear,Heavy,White,x2,Iron,30,30,1,Fire,Heavy,30,30,Steampunk
Spear,Heavy,White,x2,Iron,30,30,1,Electric,Heavy,30,30,Traditional
Spear,Heavy,White,x2,Iron,30,30,1,Electric,Heavy,30,30,Steampunk
Spear,Heavy,White,x2,Iron,30,30,1,Bolt,Heavy,30,30,Traditional
Spear,Heavy,White,x2,Iron,30,30,1,Bolt,Heavy,30,30,Steampunk
Spear,Heavy,White,x2,Iron,30,30,1,Bolt,Heavy,30,30,Tech
Sabre,Heavy,Black,x2,Iron,30,30,1,Fire,Heavy,30,30,Traditional
Sabre,Heavy,Black,x2,Iron,30,30,1,Fire,Heavy,30,30,Steampunk
Sabre,Heavy,Black,x2,Iron,30,30,1,Electric,Heavy,30,30,Traditional
Sabre,Heavy,Black,x2,Iron,30,30,1,Electric,Heavy,30,30,Steampunk
Sabre,Heavy,Black,x2,Iron,30,30,1,Bolt,Heavy,30,30,Traditional
Sabre,Heavy,Black,x2,Iron,30,30,1,Bolt,Heavy,30,30,Steampunk
Sabre,Heavy,Black,x2,Iron,30,30,1,Bolt,Heavy,30,30,Tech
Dagger,Heavy,White,+21,Iron,30,30,1,Fire,Heavy,30,30,Traditional
Dagger,Heavy,White,+21,Iron,30,30,1,Fire,Heavy,30,30,Steampunk
Dagger,Heavy,White,+21,Iron,30,30,1,Electric,Heavy,30,30,Traditional
Dagger,Heavy,White,+21,Iron,30,30,1,Electric,Heavy,30,30,Steampunk
Dagger,Heavy,White,+21,Iron,30,30,1,Bolt,Heavy,30,30,Traditional
Dagger,Heavy,White,+21,Iron,30,30,1,Bolt,Heavy,30,30,Steampunk
Dagger,Heavy,White,+21,Iron,30,30,1,Bolt,Heavy,30,30,Tech
Dagger,Heavy,Clear,x2,Iron,30,30,1,Fire,Heavy,30,30,Traditional
Dagger,Heavy,Clear,x2,Iron,30,30,1,Fire,Heavy,30,30,Steampunk
Dagger,Heavy,Clear,x2,Iron,30,30,1,Electric,Heavy,30,30,Traditional
Dagger,Heavy,Clear,x2,Iron,30,30,1,Electric,Heavy,30,30,Steampunk
Dagger,Heavy,Clear,x2,Iron,30,30,1,Bolt,Heavy,30,30,Traditional
Dagger,Heavy,Clear,x2,Iron,30,30,1,Bolt,Heavy,30,30,Steampunk
Dagger,Heavy,Clear,x2,Iron,30,30,1,Bolt,Heavy,30,30,Tech
Dagger,Heavy,Burnt,x2,Iron,30,30,1,Fire,Heavy,30,30,Traditional
Dagger,Heavy,Burnt,x2,Iron,30,30,1,Fire,Heavy,30,30,Steampunk
Dagger,Heavy,Burnt,x2,Iron,30,30,1,Electric,Heavy,30,30,Traditional
Dagger,Heavy,Burnt,x2,Iron,30,30,1,Electric,Heavy,30,30,Steampunk
Dagger,Heavy,Burnt,x2,Iron,30,30,1,Bolt,Heavy,30,30,Traditional
Dagger,Heavy,Burnt,x2,Iron,30,30,1,Bolt,Heavy,30,30,Steampunk
Dagger,Heavy,Burnt,x2,Iron,30,30,1,Bolt,Heavy,30,30,Tech
Poleaxe,Heavy,White,x2,Iron,30,30,1,Earth,Heavy,30,30,Traditional
Poleaxe,Heavy,White,x2,Iron,30,30,1,Earth,Heavy,30,30,Steampunk
Spear,Heavy,White,x2,Iron,30,30,1,Earth,Heavy,30,30,Traditional
Spear,Heavy,White,x2,Iron,30,30,1,Earth,Heavy,30,30,Steampunk
Dagger,Heavy,White,x2,Steel,30,60,1,Fire,Heavy,30,60,Traditional
Dagger,Heavy,White,x2,Steel,30,60,1,Fire,Heavy,30,60,Steampunk
Dagger,Heavy,White,x2,Steel,30,60,1,Electric,Heavy,30,60,Traditional
Dagger,Heavy,White,x2,Steel,30,60,1,Electric,Heavy,30,60,Steampunk
Dagger,Heavy,White,x2,Steel,30,60,1,Bolt,Heavy,30,60,Traditional
Dagger,Heavy,White,x2,Steel,30,60,1,Bolt,Heavy,30,60,Steampunk
Dagger,Heavy,White,x3,Steel,30,60,1,Fire,Heavy,30,60,Traditional
Dagger,Heavy,White,x3,Steel,30,60,1,Fire,Heavy,30,60,Steampunk
Dagger,Heavy,White,x3,Steel,30,60,1,Electric,Heavy,30,60,Traditional
Dagger,Heavy,White,x3,Steel,30,60,1,Electric,Heavy,30,60,Steampunk
Dagger,Heavy,White,x3,Steel,30,60,1,Bolt,Heavy,30,60,Traditional
Dagger,Heavy,White,x3,Steel,30,60,1,Bolt,Heavy,30,60,Steampunk
Dagger,Heavy,White,x4,Steel,30,60,1,Fire,Heavy,30,60,Traditional
Dagger,Heavy,White,x4,Steel,30,60,1,Fire,Heavy,30,60,Steampunk
Dagger,Heavy,White,x4,Steel,30,60,1,Electric,Heavy,30,60,Traditional
Dagger,Heavy,White,x4,Steel,30,60,1,Electric,Heavy,30,60,Steampunk
Dagger,Heavy,White,x4,Steel,30,60,1,Bolt,Heavy,30,60,Traditional
Dagger,Heavy,White,x4,Steel,30,60,1,Bolt,Heavy,30,60,Steampunk
Dagger,Heavy,White,x4,Steel,30,60,1,Fire,Heavy,30,60,Traditional
Dagger,Heavy,White,x4,Steel,30,60,1,Fire,Heavy,30,60,Steampunk
Dagger,Heavy,White,x4,Steel,30,60,1,Electric,Heavy,30,60,Traditional
Dagger,Heavy,White,x4,Steel,30,60,1,Electric,Heavy,30,60,Steampunk
Dagger,Heavy,White,x4,Steel,30,60,1,Bolt,Heavy,30,60,Traditional
Dagger,Heavy,White,x4,Steel,30,60,1,Bolt,Heavy,30,60,Steampunk
Dagger,Heavy,Black,x2,Steel,30,60,1,Fire,Heavy,30,60,Traditional
Dagger,Heavy,Black,x2,Steel,30,60,1,Fire,Heavy,30,60,Steampunk
Dagger,Heavy,Black,x2,Steel,30,60,1,Electric,Heavy,30,60,Traditional
Dagger,Heavy,Black,x2,Steel,30,60,1,Electric,Heavy,30,60,Steampunk
Dagger,Heavy,Black,x2,Steel,30,60,1,Bolt,Heavy,30,60,Traditional
Dagger,Heavy,Black,x2,Steel,30,60,1,Bolt,Heavy,30,60,Steampunk
Longsword,Heavy,White,x2,Steel,30,60,1,Fire,Heavy,30,60,Traditional
Longsword,Heavy,White,x2,Steel,30,60,1,Fire,Heavy,30,60,Steampunk
Longsword,Heavy,White,x2,Steel,30,60,1,Electric,Heavy,30,60,Traditional
Longsword,Heavy,White,x2,Steel,30,60,1,Electric,Heavy,30,60,Steampunk
Longsword,Heavy,White,x2,Steel,30,60,1,Bolt,Heavy,30,60,Traditional
Longsword,Heavy,White,x2,Steel,30,60,1,Bolt,Heavy,30,60,Steampunk
Longsword,Heavy,White,x3,Steel,30,60,1,Fire,Heavy,30,60,Traditional
Longsword,Heavy,White,x3,Steel,30,60,1,Fire,Heavy,30,60,Steampunk
Longsword,Heavy,White,x3,Steel,30,60,1,Electric,Heavy,30,60,Traditional
Longsword,Heavy,White,x3,Steel,30,60,1,Electric,Heavy,30,60,Steampunk
Longsword,Heavy,White,x3,Steel,30,60,1,Bolt,Heavy,30,60,Traditional
Longsword,Heavy,White,x3,Steel,30,60,1,Bolt,Heavy,30,60,Steampunk
Longsword,Heavy,White,x4,Steel,30,60,1,Fire,Heavy,30,60,Traditional
Longsword,Heavy,White,x4,Steel,30,60,1,Fire,Heavy,30,60,Steampunk
Longsword,Heavy,White,x4,Steel,30,60,1,Electric,Heavy,30,60,Traditional
Longsword,Heavy,White,x4,Steel,30,60,1,Electric,Heavy,30,60,Steampunk
Longsword,Heavy,White,x4,Steel,30,60,1,Bolt,Heavy,30,60,Traditional
Longsword,Heavy,White,x4,Steel,30,60,1,Bolt,Heavy,30,60,Steampunk
Longsword,Heavy,Black,x2,Steel,30,60,1,Fire,Heavy,30,60,Traditional
Longsword,Heavy,Black,x2,Steel,30,60,1,Fire,Heavy,30,60,Steampunk
Longsword,Heavy,Black,x2,Steel,30,60,1,Electric,Heavy,30,60,Traditional
Longsword,Heavy,Black,x2,Steel,30,60,1,Electric,Heavy,30,60,Steampunk
Longsword,Heavy,Black,x2,Steel,30,60,1,Bolt,Heavy,30,60,Traditional
Longsword,Heavy,Black,x2,Steel,30,60,1,Bolt,Heavy,30,60,Steampunk
Rapier,Heavy,White,x2,Steel,30,60,1,Fire,Heavy,30,60,Traditional
Rapier,Heavy,White,x2,Steel,30,60,1,Fire,Heavy,30,60,Steampunk
Rapier,Heavy,White,x2,Steel,30,60,1,Electric,Heavy,30,60,Traditional
Rapier,Heavy,White,x2,Steel,30,60,1,Electric,Heavy,30,60,Steampunk
Rapier,Heavy,White,x2,Steel,30,60,1,Bolt,Heavy,30,60,Traditional
Rapier,Heavy,White,x2,Steel,30,60,1,Bolt,Heavy,30,60,Steampunk
Rapier,Heavy,White,x3,Steel,30,60,1,Fire,Heavy,30,60,Traditional
Rapier,Heavy,White,x3,Steel,30,60,1,Fire,Heavy,30,60,Steampunk
Rapier,Heavy,White,x3,Steel,30,60,1,Electric,Heavy,30,60,Traditional
Rapier,Heavy,White,x3,Steel,30,60,1,Electric,Heavy,30,60,Steampunk
Rapier,Heavy,White,x3,Steel,30,60,1,Bolt,Heavy,30,60,Traditional
Rapier,Heavy,White,x3,Steel,30,60,1,Bolt,Heavy,30,60,Steampunk
Rapier,Heavy,White,x4,Steel,30,60,1,Fire,Heavy,30,60,Traditional
Rapier,Heavy,White,x4,Steel,30,60,1,Fire,Heavy,30,60,Steampunk
Rapier,Heavy,White,x4,Steel,30,60,1,Electric,Heavy,30,60,Traditional
Rapier,Heavy,White,x4,Steel,30,60,1,Electric,Heavy,30,60,Steampunk
Rapier,Heavy,White,x4,Steel,30,60,1,Bolt,Heavy,30,60,Traditional
Rapier,Heavy,White,x4,Steel,30,60,1,Bolt,Heavy,30,60,Steampunk
Rapier,Heavy,Black,x2,Steel,30,60,1,Fire,Heavy,30,60,Traditional
Rapier,Heavy,Black,x2,Steel,30,60,1,Fire,Heavy,30,60,Steampunk
Rapier,Heavy,Black,x2,Steel,30,60,1,Electric,Heavy,30,60,Traditional
Rapier,Heavy,Black,x2,Steel,30,60,1,Electric,Heavy,30,60,Steampunk
Rapier,Heavy,Black,x2,Steel,30,60,1,Bolt,Heavy,30,60,Traditional
Rapier,Heavy,Black,x2,Steel,30,60,1,Bolt,Heavy,30,60,Steampunk
Sabre,Heavy,White,x2,Steel,30,60,1,Fire,Heavy,30,60,Traditional
Sabre,Heavy,White,x2,Steel,30,60,1,Fire,Heavy,30,60,Steampunk
Sabre,Heavy,White,x2,Steel,30,60,1,Electric,Heavy,30,60,Traditional
Sabre,Heavy,White,x2,Steel,30,60,1,Electric,Heavy,30,60,Steampunk
Sabre,Heavy,White,x2,Steel,30,60,1,Bolt,Heavy,30,60,Traditional
Sabre,Heavy,White,x2,Steel,30,60,1,Bolt,Heavy,30,60,Steampunk
Sabre,Heavy,Black,x2,Steel,30,60,1,Fire,Heavy,30,60,Traditional
Sabre,Heavy,Black,x2,Steel,30,60,1,Fire,Heavy,30,60,Steampunk
Sabre,Heavy,Black,x2,Steel,30,60,1,Electric,Heavy,30,60,Traditional
Sabre,Heavy,Black,x2,Steel,30,60,1,Electric,Heavy,30,60,Steampunk
Sabre,Heavy,Black,x2,Steel,30,60,1,Bolt,Heavy,30,60,Traditional
Sabre,Heavy,Black,x2,Steel,30,60,1,Bolt,Heavy,30,60,Steampunk
Spear,Heavy,White,x2,Steel,30,60,1,Fire,Heavy,30,60,Traditional
Spear,Heavy,White,x2,Steel,30,60,1,Fire,Heavy,30,60,Steampunk
Spear,Heavy,White,x2,Steel,30,60,1,Electric,Heavy,30,60,Traditional
Spear,Heavy,White,x2,Steel,30,60,1,Electric,Heavy,30,60,Steampunk
Spear,Heavy,White,x2,Steel,30,60,1,Bolt,Heavy,30,60,Traditional
Spear,Heavy,White,x2,Steel,30,60,1,Bolt,Heavy,30,60,Steampunk
Dagger,Heavy,White,+21,Steel,30,60,1,Fire,Heavy,30,60,Traditional
Dagger,Heavy,White,+21,Steel,30,60,1,Fire,Heavy,30,60,Steampunk
Dagger,Heavy,White,+21,Steel,30,60,1,Electric,Heavy,30,60,Traditional
Dagger,Heavy,White,+21,Steel,30,60,1,Electric,Heavy,30,60,Steampunk
Dagger,Heavy,White,+21,Steel,30,60,1,Bolt,Heavy,30,60,Traditional
Dagger,Heavy,White,+21,Steel,30,60,1,Bolt,Heavy,30,60,Steampunk
Dagger,Heavy,Clear,x2,Steel,30,60,1,Fire,Heavy,30,60,Traditional
Dagger,Heavy,Clear,x2,Steel,30,60,1,Fire,Heavy,30,60,Steampunk
Dagger,Heavy,Clear,x2,Steel,30,60,1,Electric,Heavy,30,60,Traditional
Dagger,Heavy,Clear,x2,Steel,30,60,1,Electric,Heavy,30,60,Steampunk
Dagger,Heavy,Clear,x2,Steel,30,60,1,Bolt,Heavy,30,60,Traditional
Dagger,Heavy,Clear,x2,Steel,30,60,1,Bolt,Heavy,30,60,Steampunk
Dagger,Heavy,White,x2,Iron,35,60,1,Fire,Heavy,60,60,Traditional
Dagger,Heavy,White,x2,Iron,35,60,1,Fire,Heavy,60,60,Steampunk
Dagger,Heavy,White,x2,Iron,35,60,1,Bolt,Heavy,60,60,Traditional
Dagger,Heavy,White,x2,Iron,35,60,1,Bolt,Heavy,60,60,Steampunk
Dagger,Heavy,White,x2,Iron,35,60,1,Bolt,Heavy,60,60,Tech
Dagger,Heavy,White,x3,Iron,35,60,1,Fire,Heavy,60,60,Traditional
Dagger,Heavy,White,x3,Iron,35,60,1,Fire,Heavy,60,60,Steampunk
Dagger,Heavy,White,x3,Iron,35,60,1,Bolt,Heavy,60,60,Traditional
Dagger,Heavy,White,x3,Iron,35,60,1,Bolt,Heavy,60,60,Steampunk
Dagger,Heavy,White,x3,Iron,35,60,1,Bolt,Heavy,60,60,Tech
Dagger,Heavy,White,x4,Iron,35,60,1,Fire,Heavy,60,60,Traditional
Dagger,Heavy,White,x4,Iron,35,60,1,Fire,Heavy,60,60,Steampunk
Dagger,Heavy,White,x4,Iron,35,60,1,Bolt,Heavy,60,60,Traditional
Dagger,Heavy,White,x4,Iron,35,60,1,Bolt,Heavy,60,60,Steampunk
Dagger,Heavy,White,x4,Iron,35,60,1,Bolt,Heavy,60,60,Tech
Dagger,Heavy,Black,x2,Iron,35,60,1,Fire,Heavy,60,60,Traditional
Dagger,Heavy,Black,x2,Iron,35,60,1,Fire,Heavy,60,60,Steampunk
Dagger,Heavy,Black,x2,Iron,35,60,1,Bolt,Heavy,60,60,Traditional
Dagger,Heavy,Black,x2,Iron,35,60,1,Bolt,Heavy,60,60,Steampunk
Dagger,Heavy,Black,x2,Iron,35,60,1,Bolt,Heavy,60,60,Tech
Warhammer,Heavy,White,x2,Iron,35,60,1,Fire,Heavy,60,60,Traditional
Warhammer,Heavy,White,x2,Iron,35,60,1,Fire,Heavy,60,60,Steampunk
Warhammer,Heavy,White,x2,Iron,35,60,1,Bolt,Heavy,60,60,Traditional
Warhammer,Heavy,White,x2,Iron,35,60,1,Bolt,Heavy,60,60,Steampunk
Warhammer,Heavy,White,x2,Iron,35,60,1,Bolt,Heavy,60,60,Tech
Warhammer,Heavy,White,x3,Iron,35,60,1,Fire,Heavy,60,60,Traditional
Warhammer,Heavy,White,x3,Iron,35,60,1,Fire,Heavy,60,60,Steampunk
Warhammer,Heavy,White,x3,Iron,35,60,1,Bolt,Heavy,60,60,Traditional
Warhammer,Heavy,White,x3,Iron,35,60,1,Bolt,Heavy,60,60,Steampunk
Warhammer,Heavy,White,x3,Iron,35,60,1,Bolt,Heavy,60,60,Tech
Warhammer,Heavy,Black,x2,Iron,35,60,1,Fire,Heavy,60,60,Traditional
Warhammer,Heavy,Black,x2,Iron,35,60,1,Fire,Heavy,60,60,Steampunk
Warhammer,Heavy,Black,x2,Iron,35,60,1,Bolt,Heavy,60,60,Traditional
Warhammer,Heavy,Black,x2,Iron,35,60,1,Bolt,Heavy,60,60,Steampunk
Warhammer,Heavy,Black,x2,Iron,35,60,1,Bolt,Heavy,60,60,Tech
Spear,Heavy,White,x2,Iron,35,60,1,Fire,Heavy,60,60,Traditional
Spear,Heavy,White,x2,Iron,35,60,1,Fire,Heavy,60,60,Steampunk
Spear,Heavy,White,x2,Iron,35,60,1,Bolt,Heavy,60,60,Traditional
Spear,Heavy,White,x2,Iron,35,60,1,Bolt,Heavy,60,60,Steampunk
Spear,Heavy,White,x2,Iron,35,60,1,Bolt,Heavy,60,60,Tech
Dagger,Heavy,Clear,x2,Iron,35,60,1,Fire,Heavy,60,60,Traditional
Dagger,Heavy,Clear,x2,Iron,35,60,1,Fire,Heavy,60,60,Steampunk
Dagger,Heavy,Clear,x2,Iron,35,60,1,Bolt,Heavy,60,60,Traditional
Dagger,Heavy,Clear,x2,Iron,35,60,1,Bolt,Heavy,60,60,Steampunk
Dagger,Heavy,Clear,x2,Iron,35,60,1,Bolt,Heavy,60,60,Tech
Dagger,Heavy,White,x2,Steel,30,90,1,Fire,Heavy,30,90,Traditional
Dagger,Heavy,White,x2,Steel,30,90,1,Fire,Heavy,30,90,Steampunk
Longsword,Heavy,White,x2,Steel,30,90,1,Fire,Heavy,30,90,Traditional
Longsword,Heavy,White,x2,Steel,30,90,1,Fire,Heavy,30,90,Steampunk
Longsword,Heavy,Black,x2,Steel,30,90,1,Fire,Heavy,30,90,Traditional
Longsword,Heavy,Black,x2,Steel,30,90,1,Fire,Heavy,30,90,Steampunk
Rapier,Heavy,White,x2,Steel,30,90,1,Fire,Heavy,30,90,Traditional
Rapier,Heavy,White,x2,Steel,30,90,1,Fire,Heavy,30,90,Steampunk
Dagger,Heavy,White,x2,Steel,35,90,1,Fire,Heavy,60,90,Traditional
Dagger,Heavy,White,x2,Steel,35,90,1,Fire,Heavy,60,90,Steampunk
Rapier,Heavy,White,x2,Steel,35,90,1,Fire,Heavy,60,90,Traditional
Rapier,Heavy,White,x2,Steel,35,90,1,Fire,Heavy,60,90,Steampunk
Dagger,Heavy,White,x2,Steel,35,120,1,Fire,Heavy,60,120,Traditional
Dagger,Heavy,White,x2,Steel,35,120,1,Fire,Heavy,60,120,Steampunk
Rapier,Heavy,White,x2,Steel,35,120,1,Fire,Heavy,60,120,Traditional
Rapier,Heavy,White,x2,Steel,35,120,1,Fire,Heavy,60,120,Steampunk
Dagger,Heavy,White,x4,Bronze,30,30,1,Fire,Heavy,30,30,Traditional
Dagger,Heavy,White,x4,Bronze,30,30,1,Fire,Heavy,30,30,Steampunk
Dagger,Heavy,White,x4,Aluminum,30,30,1,Fire,Heavy,30,30,Traditional
Dagger,Heavy,White,x4,Aluminum,30,30,1,Fire,Heavy,30,30,Steampunk
Dagger,Heavy,White,x4,Titanium,30,30,1,Fire,Heavy,30,30,Traditional
Dagger,Heavy,White,x4,Titanium,30,30,1,Fire,Heavy,30,30,Steampunk
Dagger,Heavy,White,+3,Platinum,28,-,1,Fire,Heavy,-,-,Traditional
Dagger,Heavy,White,+3,Platinum,28,-,1,Fire,Heavy,-,-,Steampunk
Longsword,Heavy,White,+3,Platinum,28,-,1,Fire,Heavy,-,-,Traditional
Longsword,Heavy,White,+3,Platinum,28,-,1,Fire,Heavy,-,-,Steampunk
Warhammer,Heavy,White,+3,Platinum,28,-,1,Fire,Heavy,-,-,Traditional
Warhammer,Heavy,White,+3,Platinum,28,-,1,Fire,Heavy,-,-,Steampunk
Dagger,Heavy,White,+4,Gold,28,-,1,Gale,Heavy,-,-,Mystery
Dagger,Heavy,White,+4,Gold,28,-,1,Gale,Heavy,-,-,Mystery
Dagger,Heavy,White,x4,Gold,30,30,1,Fire,Heavy,30,30,Traditional
Dagger,Heavy,White,x4,Gold,30,30,1,Fire,Heavy,30,30,Steampunk
Warhammer,Heavy,White,x4,Gold,30,30,1,Fire,Heavy,30,30,Traditional
Warhammer,Heavy,White,x4,Gold,30,30,1,Fire,Heavy,30,30,Steampunk
Dagger,Heavy,White,x2,Iron,40,50,1,Fire,Heavy,50,50,Traditional
Dagger,Heavy,White,x2,Iron,40,50,1,Fire,Heavy,50,50,Steampunk
Dagger,Heavy,White,x2,Iron,40,50,1,Bolt,Heavy,50,50,Traditional
Dagger,Heavy,White,x2,Iron,40,50,1,Bolt,Heavy,50,50,Steampunk
Dagger,Heavy,White,x2,Iron,40,50,1,Bolt,Heavy,50,50,Tech
Dagger,Heavy,White,x3,Iron,40,50,1,Fire,Heavy,50,50,Traditional
Dagger,Heavy,White,x3,Iron,40,50,1,Fire,Heavy,50,50,Steampunk
Dagger,Heavy,White,x3,Iron,40,50,1,Bolt,Heavy,50,50,Traditional
Dagger,Heavy,White,x3,Iron,40,50,1,Bolt,Heavy,50,50,Steampunk
Dagger,Heavy,White,x3,Iron,40,50,1,Bolt,Heavy,50,50,Tech
Dagger,Heavy,White,x4,Iron,40,50,1,Fire,Heavy,50,50,Traditional
Dagger,Heavy,White,x4,Iron,40,50,1,Fire,Heavy,50,50,Steampunk
Dagger,Heavy,White,x4,Iron,40,50,1,Bolt,Heavy,50,50,Traditional
Dagger,Heavy,White,x4,Iron,40,50,1,Bolt,Heavy,50,50,Steampunk
Dagger,Heavy,White,x4,Iron,40,50,1,Bolt,Heavy,50,50,Tech
Sabre,Heavy,White,x2,Iron,40,50,1,Fire,Heavy,50,50,Traditional
Sabre,Heavy,White,x2,Iron,40,50,1,Fire,Heavy,50,50,Steampunk
Sabre,Heavy,White,x2,Iron,40,50,1,Bolt,Heavy,50,50,Traditional
Sabre,Heavy,White,x2,Iron,40,50,1,Bolt,Heavy,50,50,Steampunk
Sabre,Heavy,White,x2,Iron,40,50,1,Bolt,Heavy,50,50,Tech
Warhammer,Heavy,White,x2,Iron,40,50,1,Fire,Heavy,50,50,Traditional
Warhammer,Heavy,White,x2,Iron,40,50,1,Fire,Heavy,50,50,Steampunk
Warhammer,Heavy,White,x2,Iron,40,50,1,Bolt,Heavy,50,50,Traditional
Warhammer,Heavy,White,x2,Iron,40,50,1,Bolt,Heavy,50,50,Steampunk
Warhammer,Heavy,White,x2,Iron,40,50,1,Bolt,Heavy,50,50,Tech
Dagger,Heavy,Black,x2,Iron,40,50,1,Fire,Heavy,50,50,Traditional
Dagger,Heavy,Black,x2,Iron,40,50,1,Fire,Heavy,50,50,Steampunk
Dagger,Heavy,Black,x2,Iron,40,50,1,Bolt,Heavy,50,50,Traditional
Dagger,Heavy,Black,x2,Iron,40,50,1,Bolt,Heavy,50,50,Steampunk
Dagger,Heavy,Black,x2,Iron,40,50,1,Bolt,Heavy,50,50,Tech
Dagger,Heavy,White,x2,Steel,40,100,1,Fire,Heavy,50,100,Traditional
Dagger,Heavy,White,x2,Steel,40,100,1,Fire,Heavy,50,100,Steampunk
Dagger,Heavy,Black,x2,Steel,40,100,1,Fire,Heavy,50,100,Traditional
Dagger,Heavy,Black,x2,Steel,40,100,1,Fire,Heavy,50,100,Steampunk
Warhammer,Heavy,White,x2,Steel,40,100,1,Fire,Heavy,50,100,Traditional
Warhammer,Heavy,White,x2,Steel,40,100,1,Fire,Heavy,50,100,Steampunk
Dagger,Heavy,White,x2,Iron,45,100,1,Fire,Heavy,100,100,Traditional
Dagger,Heavy,White,x2,Iron,45,100,1,Fire,Heavy,100,100,Steampunk
Dagger,Heavy,Black,x2,Iron,45,100,1,Fire,Heavy,100,100,Traditional
Dagger,Heavy,Black,x2,Iron,45,100,1,Fire,Heavy,100,100,Steampunk
Warhammer,Heavy,White,x2,Iron,45,100,1,Fire,Heavy,100,100,Traditional
Warhammer,Heavy,White,x2,Iron,45,100,1,Fire,Heavy,100,100,Steampunk
Poleaxe,Heavy,White,x2,Iron,30,30,1,Poison,Heavy,30,30,Mystery
Spear,Heavy,White,x2,Iron,30,30,1,Poison,Heavy,30,30,Mystery
Poleaxe,Heavy,White,x2,Iron,30,60,1,Poison,Heavy,30,60,Mystery
Spear,Heavy,White,x2,Iron,30,60,1,Poison,Heavy,30,60,Mystery
Dagger,Heavy,Burnt,x2,Iron,35,60,1,Fire,Heavy,60,60,Traditional
Dagger,Heavy,Burnt,x2,Iron,35,60,1,Fire,Heavy,60,60,Steampunk
Dagger,Heavy,Burnt,x2,Iron,35,60,1,Bolt,Heavy,60,60,Traditional
Dagger,Heavy,Burnt,x2,Iron,35,60,1,Bolt,Heavy,60,60,Steampunk
Dagger,Heavy,Burnt,x2,Iron,35,60,1,Bolt,Heavy,60,60,Tech
Dagger,Heavy,Burnt,x2,Steel,30,60,1,Fire,Heavy,30,60,Traditional
Dagger,Heavy,Burnt,x2,Steel,30,60,1,Fire,Heavy,30,60,Steampunk
Dagger,Heavy,Burnt,x2,Steel,30,60,1,Electric,Heavy,30,60,Traditional
Dagger,Heavy,Burnt,x2,Steel,30,60,1,Electric,Heavy,30,60,Steampunk
Dagger,Heavy,Burnt,x2,Steel,30,60,1,Bolt,Heavy,30,60,Traditional
Dagger,Heavy,Burnt,x2,Steel,30,60,1,Bolt,Heavy,30,60,Steampunk
Dagger,Heavy,White,x2,Steel,30,90,1,Fire,Heavy,30,90,Traditional
Dagger,Heavy,White,x2,Steel,30,90,1,Fire,Heavy,30,90,Steampunk
Dagger,Heavy,White,x2,Steel,35,90,1,Fire,Heavy,60,90,Traditional
Dagger,Heavy,White,x2,Steel,35,90,1,Fire,Heavy,60,90,Steampunk
Dagger,Heavy,White,x2,Steel,30,60,1,Fire,Heavy,30,60,Traditional
Dagger,Heavy,White,x2,Steel,30,60,1,Fire,Heavy,30,60,Steampunk
Dagger,Heavy,White,x2,Steel,30,60,1,Electric,Heavy,30,60,Traditional
Dagger,Heavy,White,x2,Steel,30,60,1,Electric,Heavy,30,60,Steampunk
Dagger,Heavy,White,x2,Steel,30,60,1,Bolt,Heavy,30,60,Traditional
Dagger,Heavy,White,x2,Steel,30,60,1,Bolt,Heavy,30,60,Steampunk
Dagger,Heavy,White,x2,Iron,35,60,1,Fire,Heavy,60,60,Traditional
Dagger,Heavy,White,x2,Iron,35,60,1,Fire,Heavy,60,60,Steampunk
Dagger,Heavy,White,x2,Iron,35,60,1,Bolt,Heavy,60,60,Traditional
Dagger,Heavy,White,x2,Iron,35,60,1,Bolt,Heavy,60,60,Steampunk
Dagger,Heavy,White,x2,Iron,35,60,1,Bolt,Heavy,60,60,Tech
Dagger,Heavy,White,x2,Iron,40,50,1,Fire,Heavy,50,50,Traditional
Dagger,Heavy,White,x2,Iron,40,50,1,Fire,Heavy,50,50,Steampunk
Dagger,Heavy,White,x2,Iron,40,50,1,Bolt,Heavy,50,50,Traditional
Dagger,Heavy,White,x2,Iron,40,50,1,Bolt,Heavy,50,50,Steampunk
Dagger,Heavy,White,x2,Iron,40,50,1,Bolt,Heavy,50,50,Tech
Dagger,Heavy,White,x2,Iron,45,100,1,Fire,Heavy,100,100,Traditional
Dagger,Heavy,White,x2,Iron,45,100,1,Fire,Heavy,100,100,Steampunk
Dagger,Heavy,White,x2,Steel,35,90,1,Fire,Heavy,60,90,Traditional
Dagger,Heavy,White,x2,Steel,35,90,1,Fire,Heavy,60,90,Steampunk
Dagger,Heavy,White,x2,Steel,40,100,1,Fire,Heavy,50,100,Traditional
Dagger,Heavy,White,x2,Steel,40,100,1,Fire,Heavy,50,100,Steampunk
Dagger,Heavy,White,x2,Steel,30,60,1,Fire,Heavy,30,60,Traditional
Dagger,Heavy,White,x2,Steel,30,60,1,Fire,Heavy,30,60,Steampunk
Dagger,Heavy,White,x2,Steel,30,60,1,Electric,Heavy,30,60,Traditional
Dagger,Heavy,White,x2,Steel,30,60,1,Electric,Heavy,30,60,Steampunk
Dagger,Heavy,White,x2,Steel,30,60,1,Bolt,Heavy,30,60,Traditional
Dagger,Heavy,White,x2,Steel,30,60,1,Bolt,Heavy,30,60,Steampunk
Dagger,Heavy,White,+3,Platinum,28,-,1,Fire,Heavy,-,-,Traditional
Dagger,Heavy,White,+3,Platinum,28,-,1,Fire,Heavy,-,-,Steampunk
Dagger,Heavy,White,x2,Steel,30,90,1,Fire,Heavy,30,90,Traditional
Dagger,Heavy,White,x2,Steel,30,90,1,Fire,Heavy,30,90,Steampunk
Dagger,Heavy,White,x2,Iron,30,30,1,Fire,Heavy,30,30,Traditional
Dagger,Heavy,White,x2,Iron,30,30,1,Fire,Heavy,30,30,Steampunk
Dagger,Heavy,White,x2,Iron,30,30,1,Electric,Heavy,30,30,Traditional
Dagger,Heavy,White,x2,Iron,30,30,1,Electric,Heavy,30,30,Steampunk
Dagger,Heavy,White,x2,Iron,30,30,1,Bolt,Heavy,30,30,Traditional
Dagger,Heavy,White,x2,Iron,30,30,1,Bolt,Heavy,30,30,Steampunk
Dagger,Heavy,White,x2,Iron,30,30,1,Bolt,Heavy,30,30,Tech
Dagger,Heavy,White,x2,Steel,40,100,1,Fire,Heavy,50,100,Traditional
Dagger,Heavy,White,x2,Steel,40,100,1,Fire,Heavy,50,100,Steampunk
Spear,Heavy,White,x2,Iron,30,30,1,Earth,Heavy,30,30,Traditional
Spear,Heavy,White,x2,Iron,30,30,1,Earth,Heavy,30,30,Steampunk
Dagger,Sky,White,x2,Iron,20,40,1,Fire,Sky,40,40,Traditional
Dagger,Sky,White,x2,Iron,20,40,1,Fire,Sky,40,40,Steampunk
Dagger,Sky,White,x2,Iron,20,40,1,Electric,Sky,40,40,Traditional
Dagger,Sky,White,x2,Iron,20,40,1,Electric,Sky,40,40,Steampunk
Dagger,Sky,White,x2,Iron,20,40,1,Bolt,Sky,40,40,Traditional
Dagger,Sky,White,x2,Iron,20,40,1,Bolt,Sky,40,40,Steampunk
Dagger,Sky,White,x2,Iron,20,40,1,Bolt,Sky,40,40,Tech
Dagger,Sky,White,x3,Iron,20,40,1,Fire,Sky,40,40,Traditional
Dagger,Sky,White,x3,Iron,20,40,1,Fire,Sky,40,40,Steampunk
Dagger,Sky,White,x3,Iron,20,40,1,Electric,Sky,40,40,Traditional
Dagger,Sky,White,x3,Iron,20,40,1,Electric,Sky,40,40,Steampunk
Dagger,Sky,White,x3,Iron,20,40,1,Bolt,Sky,40,40,Traditional
Dagger,Sky,White,x3,Iron,20,40,1,Bolt,Sky,40,40,Steampunk
Dagger,Sky,White,x3,Iron,20,40,1,Bolt,Sky,40,40,Tech
Dagger,Sky,White,x4,Iron,20,40,1,Fire,Sky,40,40,Traditional
Dagger,Sky,White,x4,Iron,20,40,1,Fire,Sky,40,40,Steampunk
Dagger,Sky,White,x4,Iron,20,40,1,Electric,Sky,40,40,Traditional
Dagger,Sky,White,x4,Iron,20,40,1,Electric,Sky,40,40,Steampunk
Dagger,Sky,White,x4,Iron,20,40,1,Bolt,Sky,40,40,Traditional
Dagger,Sky,White,x4,Iron,20,40,1,Bolt,Sky,40,40,Steampunk
Dagger,Sky,White,x4,Iron,20,40,1,Bolt,Sky,40,40,Tech
Dagger,Sky,White,x4,Iron,20,40,1,Fire,Sky,40,40,Traditional
Dagger,Sky,White,x4,Iron,20,40,1,Fire,Sky,40,40,Steampunk
Dagger,Sky,White,x4,Iron,20,40,1,Electric,Sky,40,40,Traditional
Dagger,Sky,White,x4,Iron,20,40,1,Electric,Sky,40,40,Steampunk
Dagger,Sky,White,x4,Iron,20,40,1,Bolt,Sky,40,40,Traditional
Dagger,Sky,White,x4,Iron,20,40,1,Bolt,Sky,40,40,Steampunk
Dagger,Sky,White,x4,Iron,20,40,1,Bolt,Sky,40,40,Tech
Dagger,Sky,White,+2,Iron,20,40,1,Fire,Sky,40,40,Traditional
Dagger,Sky,White,+2,Iron,20,40,1,Fire,Sky,40,40,Steampunk
Dagger,Sky,White,+2,Iron,20,40,1,Electric,Sky,40,40,Traditional
Dagger,Sky,White,+2,Iron,20,40,1,Electric,Sky,40,40,Steampunk
Dagger,Sky,White,+2,Iron,20,40,1,Bolt,Sky,40,40,Traditional
Dagger,Sky,White,+2,Iron,20,40,1,Bolt,Sky,40,40,Steampunk
Dagger,Sky,White,+2,Iron,20,40,1,Bolt,Sky,40,40,Tech
Dagger,Sky,Black,x2,Iron,20,40,1,Fire,Sky,40,40,Traditional
Dagger,Sky,Black,x2,Iron,20,40,1,Fire,Sky,40,40,Steampunk
Dagger,Sky,Black,x2,Iron,20,40,1,Electric,Sky,40,40,Traditional
Dagger,Sky,Black,x2,Iron,20,40,1,Electric,Sky,40,40,Steampunk
Dagger,Sky,Black,x2,Iron,20,40,1,Bolt,Sky,40,40,Traditional
Dagger,Sky,Black,x2,Iron,20,40,1,Bolt,Sky,40,40,Steampunk
Dagger,Sky,Black,x2,Iron,20,40,1,Bolt,Sky,40,40,Tech
Dagger,Sky,Black,x3,Iron,20,40,1,Fire,Sky,40,40,Traditional
Dagger,Sky,Black,x3,Iron,20,40,1,Fire,Sky,40,40,Steampunk
Dagger,Sky,Black,x3,Iron,20,40,1,Electric,Sky,40,40,Traditional
Dagger,Sky,Black,x3,Iron,20,40,1,Electric,Sky,40,40,Steampunk
Dagger,Sky,Black,x3,Iron,20,40,1,Bolt,Sky,40,40,Traditional
Dagger,Sky,Black,x3,Iron,20,40,1,Bolt,Sky,40,40,Steampunk
Dagger,Sky,Black,x3,Iron,20,40,1,Bolt,Sky,40,40,Tech
Dagger,Sky,Black,x4,Iron,20,40,1,Fire,Sky,40,40,Traditional
Dagger,Sky,Black,x4,Iron,20,40,1,Fire,Sky,40,40,Steampunk
Dagger,Sky,Black,x4,Iron,20,40,1,Electric,Sky,40,40,Traditional
Dagger,Sky,Black,x4,Iron,20,40,1,Electric,Sky,40,40,Steampunk
Dagger,Sky,Black,x4,Iron,20,40,1,Bolt,Sky,40,40,Traditional
Dagger,Sky,Black,x4,Iron,20,40,1,Bolt,Sky,40,40,Steampunk
Dagger,Sky,Black,x4,Iron,20,40,1,Bolt,Sky,40,40,Tech
Longsword,Sky,White,x2,Iron,20,40,1,Fire,Sky,40,40,Traditional
Longsword,Sky,White,x2,Iron,20,40,1,Fire,Sky,40,40,Steampunk
Longsword,Sky,White,x2,Iron,20,40,1,Electric,Sky,40,40,Traditional
Longsword,Sky,White,x2,Iron,20,40,1,Electric,Sky,40,40,Steampunk
Longsword,Sky,White,x2,Iron,20,40,1,Bolt,Sky,40,40,Traditional
Longsword,Sky,White,x2,Iron,20,40,1,Bolt,Sky,40,40,Steampunk
Longsword,Sky,White,x2,Iron,20,40,1,Bolt,Sky,40,40,Tech
Longsword,Sky,White,x3,Iron,20,40,1,Fire,Sky,40,40,Traditional
Longsword,Sky,White,x3,Iron,20,40,1,Fire,Sky,40,40,Steampunk
Longsword,Sky,White,x3,Iron,20,40,1,Electric,Sky,40,40,Traditional
Longsword,Sky,White,x3,Iron,20,40,1,Electric,Sky,40,40,Steampunk
Longsword,Sky,White,x3,Iron,20,40,1,Bolt,Sky,40,40,Traditional
Longsword,Sky,White,x3,Iron,20,40,1,Bolt,Sky,40,40,Steampunk
Longsword,Sky,White,x3,Iron,20,40,1,Bolt,Sky,40,40,Tech
Longsword,Sky,White,x4,Iron,20,40,1,Fire,Sky,40,40,Traditional
Longsword,Sky,White,x4,Iron,20,40,1,Fire,Sky,40,40,Steampunk
Longsword,Sky,White,x4,Iron,20,40,1,Electric,Sky,40,40,Traditional
Longsword,Sky,White,x4,Iron,20,40,1,Electric,Sky,40,40,Steampunk
Longsword,Sky,White,x4,Iron,20,40,1,Bolt,Sky,40,40,Traditional
Longsword,Sky,White,x4,Iron,20,40,1,Bolt,Sky,40,40,Steampunk
Longsword,Sky,White,x4,Iron,20,40,1,Bolt,Sky,40,40,Tech
Longsword,Sky,White,x4,Iron,20,40,1,Fire,Sky,40,40,Traditional
Longsword,Sky,White,x4,Iron,20,40,1,Fire,Sky,40,40,Steampunk
Longsword,Sky,White,x4,Iron,20,40,1,Electric,Sky,40,40,Traditional
Longsword,Sky,White,x4,Iron,20,40,1,Electric,Sky,40,40,Steampunk
Longsword,Sky,White,x4,Iron,20,40,1,Bolt,Sky,40,40,Traditional
Longsword,Sky,White,x4,Iron,20,40,1,Bolt,Sky,40,40,Steampunk
Longsword,Sky,White,x4,Iron,20,40,1,Bolt,Sky,40,40,Tech
Longsword,Sky,White,+2,Iron,20,40,1,Fire,Sky,40,40,Traditional
Longsword,Sky,White,+2,Iron,20,40,1,Fire,Sky,40,40,Steampunk
Longsword,Sky,White,+2,Iron,20,40,1,Electric,Sky,40,40,Traditional
Longsword,Sky,White,+2,Iron,20,40,1,Electric,Sky,40,40,Steampunk
Longsword,Sky,White,+2,Iron,20,40,1,Bolt,Sky,40,40,Traditional
Longsword,Sky,White,+2,Iron,20,40,1,Bolt,Sky,40,40,Steampunk
Longsword,Sky,White,+2,Iron,20,40,1,Bolt,Sky,40,40,Tech
Longsword,Sky,Black,x2,Iron,20,40,1,Fire,Sky,40,40,Traditional
Longsword,Sky,Black,x2,Iron,20,40,1,Fire,Sky,40,40,Steampunk
Longsword,Sky,Black,x2,Iron,20,40,1,Electric,Sky,40,40,Traditional
Longsword,Sky,Black,x2,Iron,20,40,1,Electric,Sky,40,40,Steampunk
Longsword,Sky,Black,x2,Iron,20,40,1,Bolt,Sky,40,40,Traditional
Longsword,Sky,Black,x2,Iron,20,40,1,Bolt,Sky,40,40,Steampunk
Longsword,Sky,Black,x2,Iron,20,40,1,Bolt,Sky,40,40,Tech
Longsword,Sky,Black,x3,Iron,20,40,1,Fire,Sky,40,40,Traditional
Longsword,Sky,Black,x3,Iron,20,40,1,Fire,Sky,40,40,Steampunk
Longsword,Sky,Black,x3,Iron,20,40,1,Electric,Sky,40,40,Traditional
Longsword,Sky,Black,x3,Iron,20,40,1,Electric,Sky,40,40,Steampunk
Longsword,Sky,Black,x3,Iron,20,40,1,Bolt,Sky,40,40,Traditional
Longsword,Sky,Black,x3,Iron,20,40,1,Bolt,Sky,40,40,Steampunk
Longsword,Sky,Black,x3,Iron,20,40,1,Bolt,Sky,40,40,Tech
Longsword,Sky,Black,x4,Iron,20,40,1,Fire,Sky,40,40,Traditional
Longsword,Sky,Black,x4,Iron,20,40,1,Fire,Sky,40,40,Steampunk
Longsword,Sky,Black,x4,Iron,20,40,1,Electric,Sky,40,40,Traditional
Longsword,Sky,Black,x4,Iron,20,40,1,Electric,Sky,40,40,Steampunk
Longsword,Sky,Black,x4,Iron,20,40,1,Bolt,Sky,40,40,Traditional
Longsword,Sky,Black,x4,Iron,20,40,1,Bolt,Sky,40,40,Steampunk
Longsword,Sky,Black,x4,Iron,20,40,1,Bolt,Sky,40,40,Tech
Rapier,Sky,White,x2,Iron,20,40,1,Fire,Sky,40,40,Traditional
Rapier,Sky,White,x2,Iron,20,40,1,Fire,Sky,40,40,Steampunk
Rapier,Sky,White,x2,Iron,20,40,1,Electric,Sky,40,40,Traditional
Rapier,Sky,White,x2,Iron,20,40,1,Electric,Sky,40,40,Steampunk
Rapier,Sky,White,x2,Iron,20,40,1,Bolt,Sky,40,40,Traditional
Rapier,Sky,White,x2,Iron,20,40,1,Bolt,Sky,40,40,Steampunk
Rapier,Sky,White,x2,Iron,20,40,1,Bolt,Sky,40,40,Tech
Rapier,Sky,White,x3,Iron,20,40,1,Fire,Sky,40,40,Traditional
Rapier,Sky,White,x3,Iron,20,40,1,Fire,Sky,40,40,Steampunk
Rapier,Sky,White,x3,Iron,20,40,1,Electric,Sky,40,40,Traditional
Rapier,Sky,White,x3,Iron,20,40,1,Electric,Sky,40,40,Steampunk
Rapier,Sky,White,x3,Iron,20,40,1,Bolt,Sky,40,40,Traditional
Rapier,Sky,White,x3,Iron,20,40,1,Bolt,Sky,40,40,Steampunk
Rapier,Sky,White,x3,Iron,20,40,1,Bolt,Sky,40,40,Tech
Rapier,Sky,White,x4,Iron,20,40,1,Fire,Sky,40,40,Traditional
Rapier,Sky,White,x4,Iron,20,40,1,Fire,Sky,40,40,Steampunk
Rapier,Sky,White,x4,Iron,20,40,1,Electric,Sky,40,40,Traditional
Rapier,Sky,White,x4,Iron,20,40,1,Electric,Sky,40,40,Steampunk
Rapier,Sky,White,x4,Iron,20,40,1,Bolt,Sky,40,40,Traditional
Rapier,Sky,White,x4,Iron,20,40,1,Bolt,Sky,40,40,Steampunk
Rapier,Sky,White,x4,Iron,20,40,1,Bolt,Sky,40,40,Tech
Rapier,Sky,Black,x2,Iron,20,40,1,Fire,Sky,40,40,Traditional
Rapier,Sky,Black,x2,Iron,20,40,1,Fire,Sky,40,40,Steampunk
Rapier,Sky,Black,x2,Iron,20,40,1,Electric,Sky,40,40,Traditional
Rapier,Sky,Black,x2,Iron,20,40,1,Electric,Sky,40,40,Steampunk
Rapier,Sky,Black,x2,Iron,20,40,1,Bolt,Sky,40,40,Traditional
Rapier,Sky,Black,x2,Iron,20,40,1,Bolt,Sky,40,40,Steampunk
Rapier,Sky,Black,x2,Iron,20,40,1,Bolt,Sky,40,40,Tech
Sabre,Sky,White,x2,Iron,20,40,1,Fire,Sky,40,40,Traditional
Sabre,Sky,White,x2,Iron,20,40,1,Fire,Sky,40,40,Steampunk
Sabre,Sky,White,x2,Iron,20,40,1,Electric,Sky,40,40,Traditional
Sabre,Sky,White,x2,Iron,20,40,1,Electric,Sky,40,40,Steampunk
Sabre,Sky,White,x2,Iron,20,40,1,Bolt,Sky,40,40,Traditional
Sabre,Sky,White,x2,Iron,20,40,1,Bolt,Sky,40,40,Steampunk
Sabre,Sky,White,x2,Iron,20,40,1,Bolt,Sky,40,40,Tech
Spear,Sky,White,x2,Iron,20,40,1,Fire,Sky,40,40,Traditional
Spear,Sky,White,x2,Iron,20,40,1,Fire,Sky,40,40,Steampunk
Spear,Sky,White,x2,Iron,20,40,1,Electric,Sky,40,40,Traditional
Spear,Sky,White,x2,Iron,20,40,1,Electric,Sky,40,40,Steampunk
Spear,Sky,White,x2,Iron,20,40,1,Bolt,Sky,40,40,Traditional
Spear,Sky,White,x2,Iron,20,40,1,Bolt,Sky,40,40,Steampunk
Spear,Sky,White,x2,Iron,20,40,1,Bolt,Sky,40,40,Tech
Sabre,Sky,Black,x2,Iron,20,40,1,Fire,Sky,40,40,Traditional
Sabre,Sky,Black,x2,Iron,20,40,1,Fire,Sky,40,40,Steampunk
Sabre,Sky,Black,x2,Iron,20,40,1,Electric,Sky,40,40,Traditional
Sabre,Sky,Black,x2,Iron,20,40,1,Electric,Sky,40,40,Steampunk
Sabre,Sky,Black,x2,Iron,20,40,1,Bolt,Sky,40,40,Traditional
Sabre,Sky,Black,x2,Iron,20,40,1,Bolt,Sky,40,40,Steampunk
Sabre,Sky,Black,x2,Iron,20,40,1,Bolt,Sky,40,40,Tech
Dagger,Sky,Clear,x2,Iron,20,40,1,Fire,Sky,40,40,Traditional
Dagger,Sky,Clear,x2,Iron,20,40,1,Fire,Sky,40,40,Steampunk
Dagger,Sky,Clear,x2,Iron,20,40,1,Electric,Sky,40,40,Traditional
Dagger,Sky,Clear,x2,Iron,20,40,1,Electric,Sky,40,40,Steampunk
Dagger,Sky,Clear,x2,Iron,20,40,1,Bolt,Sky,40,40,Traditional
Dagger,Sky,Clear,x2,Iron,20,40,1,Bolt,Sky,40,40,Steampunk
Dagger,Sky,Clear,x2,Iron,20,40,1,Bolt,Sky,40,40,Tech
Dagger,Sky,Burnt,x2,Iron,20,40,1,Fire,Sky,40,40,Traditional
Dagger,Sky,Burnt,x2,Iron,20,40,1,Fire,Sky,40,40,Steampunk
Dagger,Sky,Burnt,x2,Iron,20,40,1,Electric,Sky,40,40,Traditional
Dagger,Sky,Burnt,x2,Iron,20,40,1,Electric,Sky,40,40,Steampunk
Dagger,Sky,Burnt,x2,Iron,20,40,1,Bolt,Sky,40,40,Traditional
Dagger,Sky,Burnt,x2,Iron,20,40,1,Bolt,Sky,40,40,Steampunk
Dagger,Sky,Burnt,x2,Iron,20,40,1,Bolt,Sky,40,40,Tech
Poleaxe,Sky,White,x2,Iron,20,40,1,Earth,Sky,40,40,Traditional
Poleaxe,Sky,White,x2,Iron,20,40,1,Earth,Sky,40,40,Steampunk
Spear,Sky,White,x2,Iron,20,40,1,Earth,Sky,40,40,Traditional
Spear,Sky,White,x2,Iron,20,40,1,Earth,Sky,40,40,Steampunk
Spear,Sky,White,x3,Iron,20,40,1,Earth,Sky,40,40,Traditional
Spear,Sky,White,x3,Iron,20,40,1,Earth,Sky,40,40,Steampunk
Spear,Sky,White,x4,Iron,20,40,1,Earth,Sky,40,40,Traditional
Spear,Sky,White,x4,Iron,20,40,1,Earth,Sky,40,40,Steampunk
Dagger,Sky,White,x2,Steel,20,80,1,Fire,Sky,40,80,Traditional
Dagger,Sky,White,x2,Steel,20,80,1,Fire,Sky,40,80,Steampunk
Dagger,Sky,White,x2,Steel,20,80,1,Electric,Sky,40,80,Traditional
Dagger,Sky,White,x2,Steel,20,80,1,Electric,Sky,40,80,Steampunk
Dagger,Sky,White,x2,Steel,20,80,1,Bolt,Sky,40,80,Traditional
Dagger,Sky,White,x2,Steel,20,80,1,Bolt,Sky,40,80,Steampunk
Dagger,Sky,White,x3,Steel,20,80,1,Fire,Sky,40,80,Traditional
Dagger,Sky,White,x3,Steel,20,80,1,Fire,Sky,40,80,Steampunk
Dagger,Sky,White,x3,Steel,20,80,1,Electric,Sky,40,80,Traditional
Dagger,Sky,White,x3,Steel,20,80,1,Electric,Sky,40,80,Steampunk
Dagger,Sky,White,x3,Steel,20,80,1,Bolt,Sky,40,80,Traditional
Dagger,Sky,White,x3,Steel,20,80,1,Bolt,Sky,40,80,Steampunk
Dagger,Sky,White,x4,Steel,20,80,1,Fire,Sky,40,80,Traditional
Dagger,Sky,White,x4,Steel,20,80,1,Fire,Sky,40,80,Steampunk
Dagger,Sky,White,x4,Steel,20,80,1,Electric,Sky,40,80,Traditional
Dagger,Sky,White,x4,Steel,20,80,1,Electric,Sky,40,80,Steampunk
Dagger,Sky,White,x4,Steel,20,80,1,Bolt,Sky,40,80,Traditional
Dagger,Sky,White,x4,Steel,20,80,1,Bolt,Sky,40,80,Steampunk
Dagger,Sky,White,x4,Steel,20,80,1,Fire,Sky,40,80,Traditional
Dagger,Sky,White,x4,Steel,20,80,1,Fire,Sky,40,80,Steampunk
Dagger,Sky,White,x4,Steel,20,80,1,Electric,Sky,40,80,Traditional
Dagger,Sky,White,x4,Steel,20,80,1,Electric,Sky,40,80,Steampunk
Dagger,Sky,White,x4,Steel,20,80,1,Bolt,Sky,40,80,Traditional
Dagger,Sky,White,x4,Steel,20,80,1,Bolt,Sky,40,80,Steampunk
Dagger,Sky,Black,x4,Steel,20,80,1,Fire,Sky,40,80,Traditional
Dagger,Sky,Black,x2,Steel,20,80,1,Fire,Sky,40,80,Steampunk
Dagger,Sky,Black,x2,Steel,20,80,1,Electric,Sky,40,80,Traditional
Dagger,Sky,Black,x2,Steel,20,80,1,Electric,Sky,40,80,Steampunk
Dagger,Sky,Black,x2,Steel,20,80,1,Bolt,Sky,40,80,Traditional
Dagger,Sky,Black,x2,Steel,20,80,1,Bolt,Sky,40,80,Steampunk
Longsword,Sky,White,x2,Steel,20,80,1,Fire,Sky,40,80,Traditional
Longsword,Sky,White,x2,Steel,20,80,1,Fire,Sky,40,80,Steampunk
Longsword,Sky,White,x2,Steel,20,80,1,Electric,Sky,40,80,Traditional
Longsword,Sky,White,x2,Steel,20,80,1,Electric,Sky,40,80,Steampunk
Longsword,Sky,White,x2,Steel,20,80,1,Bolt,Sky,40,80,Traditional
Longsword,Sky,White,x2,Steel,20,80,1,Bolt,Sky,40,80,Steampunk
Longsword,Sky,White,x3,Steel,20,80,1,Fire,Sky,40,80,Traditional
Longsword,Sky,White,x3,Steel,20,80,1,Fire,Sky,40,80,Steampunk
Longsword,Sky,White,x3,Steel,20,80,1,Electric,Sky,40,80,Traditional
Longsword,Sky,White,x3,Steel,20,80,1,Electric,Sky,40,80,Steampunk
Longsword,Sky,White,x3,Steel,20,80,1,Bolt,Sky,40,80,Traditional
Longsword,Sky,White,x3,Steel,20,80,1,Bolt,Sky,40,80,Steampunk
Longsword,Sky,White,x4,Steel,20,80,1,Fire,Sky,40,80,Traditional
Longsword,Sky,White,x4,Steel,20,80,1,Fire,Sky,40,80,Steampunk
Longsword,Sky,White,x4,Steel,20,80,1,Electric,Sky,40,80,Traditional
Longsword,Sky,White,x4,Steel,20,80,1,Electric,Sky,40,80,Steampunk
Longsword,Sky,White,x4,Steel,20,80,1,Bolt,Sky,40,80,Traditional
Longsword,Sky,White,x4,Steel,20,80,1,Bolt,Sky,40,80,Steampunk
Longsword,Sky,Black,x2,Steel,20,80,1,Fire,Sky,40,80,Traditional
Longsword,Sky,Black,x2,Steel,20,80,1,Fire,Sky,40,80,Steampunk
Longsword,Sky,Black,x2,Steel,20,80,1,Electric,Sky,40,80,Traditional
Longsword,Sky,Black,x2,Steel,20,80,1,Electric,Sky,40,80,Steampunk
Longsword,Sky,Black,x2,Steel,20,80,1,Bolt,Sky,40,80,Traditional
Longsword,Sky,Black,x2,Steel,20,80,1,Bolt,Sky,40,80,Steampunk
Rapier,Sky,White,x2,Steel,20,80,1,Fire,Sky,40,80,Traditional
Rapier,Sky,White,x2,Steel,20,80,1,Fire,Sky,40,80,Steampunk
Rapier,Sky,White,x2,Steel,20,80,1,Electric,Sky,40,80,Traditional
Rapier,Sky,White,x2,Steel,20,80,1,Electric,Sky,40,80,Steampunk
Rapier,Sky,White,x2,Steel,20,80,1,Bolt,Sky,40,80,Traditional
Rapier,Sky,White,x2,Steel,20,80,1,Bolt,Sky,40,80,Steampunk
Rapier,Sky,White,x3,Steel,20,80,1,Fire,Sky,40,80,Traditional
Rapier,Sky,White,x3,Steel,20,80,1,Fire,Sky,40,80,Steampunk
Rapier,Sky,White,x3,Steel,20,80,1,Electric,Sky,40,80,Traditional
Rapier,Sky,White,x3,Steel,20,80,1,Electric,Sky,40,80,Steampunk
Rapier,Sky,White,x3,Steel,20,80,1,Bolt,Sky,40,80,Traditional
Rapier,Sky,White,x3,Steel,20,80,1,Bolt,Sky,40,80,Steampunk
Rapier,Sky,Black,x2,Steel,20,80,1,Fire,Sky,40,80,Traditional
Rapier,Sky,Black,x2,Steel,20,80,1,Fire,Sky,40,80,Steampunk
Rapier,Sky,Black,x2,Steel,20,80,1,Electric,Sky,40,80,Traditional
Rapier,Sky,Black,x2,Steel,20,80,1,Electric,Sky,40,80,Steampunk
Rapier,Sky,Black,x2,Steel,20,80,1,Bolt,Sky,40,80,Traditional
Rapier,Sky,Black,x2,Steel,20,80,1,Bolt,Sky,40,80,Steampunk
Sabre,Sky,White,x2,Steel,20,80,1,Fire,Sky,40,80,Traditional
Sabre,Sky,White,x2,Steel,20,80,1,Fire,Sky,40,80,Steampunk
Sabre,Sky,White,x2,Steel,20,80,1,Electric,Sky,40,80,Traditional
Sabre,Sky,White,x2,Steel,20,80,1,Electric,Sky,40,80,Steampunk
Sabre,Sky,White,x2,Steel,20,80,1,Bolt,Sky,40,80,Traditional
Sabre,Sky,White,x2,Steel,20,80,1,Bolt,Sky,40,80,Steampunk
Sabre,Sky,Black,x2,Steel,20,80,1,Fire,Sky,40,80,Traditional
Sabre,Sky,Black,x2,Steel,20,80,1,Fire,Sky,40,80,Steampunk
Sabre,Sky,Black,x2,Steel,20,80,1,Electric,Sky,40,80,Traditional
Sabre,Sky,Black,x2,Steel,20,80,1,Electric,Sky,40,80,Steampunk
Sabre,Sky,Black,x2,Steel,20,80,1,Bolt,Sky,40,80,Traditional
Sabre,Sky,Black,x2,Steel,20,80,1,Bolt,Sky,40,80,Steampunk
Spear,Sky,White,x2,Steel,20,80,1,Fire,Sky,40,80,Traditional
Spear,Sky,White,x2,Steel,20,80,1,Fire,Sky,40,80,Steampunk
Spear,Sky,White,x2,Steel,20,80,1,Electric,Sky,40,80,Traditional
Spear,Sky,White,x2,Steel,20,80,1,Electric,Sky,40,80,Steampunk
Spear,Sky,White,x2,Steel,20,80,1,Bolt,Sky,40,80,Traditional
Spear,Sky,White,x2,Steel,20,80,1,Bolt,Sky,40,80,Steampunk
Dagger,Sky,Clear,x2,Steel,20,80,1,Fire,Sky,40,80,Traditional
Dagger,Sky,Clear,x2,Steel,20,80,1,Fire,Sky,40,80,Steampunk
Dagger,Sky,Clear,x2,Steel,20,80,1,Electric,Sky,40,80,Traditional
Dagger,Sky,Clear,x2,Steel,20,80,1,Electric,Sky,40,80,Steampunk
Dagger,Sky,Clear,x2,Steel,20,80,1,Bolt,Sky,40,80,Traditional
Dagger,Sky,Clear,x2,Steel,20,80,1,Bolt,Sky,40,80,Steampunk
Dagger,Sky,Burnt,x2,Steel,20,80,1,Fire,Sky,40,80,Traditional
Dagger,Sky,Burnt,x2,Steel,20,80,1,Fire,Sky,40,80,Steampunk
Dagger,Sky,Burnt,x2,Steel,20,80,1,Electric,Sky,40,80,Traditional
Dagger,Sky,Burnt,x2,Steel,20,80,1,Electric,Sky,40,80,Steampunk
Dagger,Sky,Burnt,x2,Steel,20,80,1,Bolt,Sky,40,80,Traditional
Dagger,Sky,Burnt,x2,Steel,20,80,1,Bolt,Sky,40,80,Steampunk
Poleaxe,Sky,White,x2,Steel,20,80,1,Earth,Sky,40,80,Steampunk
Spear,Sky,White,x2,Steel,20,80,1,Earth,Sky,40,80,Traditional
Spear,Sky,White,x2,Steel,20,80,1,Earth,Sky,40,80,Steampunk
Dagger,Sky,White,x2,Iron,50,80,1,Fire,Sky,80,80,Traditional
Dagger,Sky,White,x2,Iron,50,80,1,Fire,Sky,80,80,Steampunk
Dagger,Sky,White,x2,Iron,50,80,1,Bolt,Sky,80,80,Traditional
Dagger,Sky,White,x2,Iron,50,80,1,Bolt,Sky,80,80,Steampunk
Dagger,Sky,White,x2,Iron,50,80,1,Bolt,Sky,80,80,Tech
Dagger,Sky,White,x3,Iron,50,80,1,Fire,Sky,80,80,Traditional
Dagger,Sky,White,x3,Iron,50,80,1,Fire,Sky,80,80,Steampunk
Dagger,Sky,White,x3,Iron,50,80,1,Bolt,Sky,80,80,Traditional
Dagger,Sky,White,x3,Iron,50,80,1,Bolt,Sky,80,80,Steampunk
Dagger,Sky,White,x3,Iron,50,80,1,Bolt,Sky,80,80,Tech
Dagger,Sky,White,x4,Iron,50,80,1,Fire,Sky,80,80,Traditional
Dagger,Sky,White,x4,Iron,50,80,1,Fire,Sky,80,80,Steampunk
Dagger,Sky,White,x4,Iron,50,80,1,Bolt,Sky,80,80,Traditional
Dagger,Sky,White,x4,Iron,50,80,1,Bolt,Sky,80,80,Steampunk
Dagger,Sky,White,x4,Iron,50,80,1,Bolt,Sky,80,80,Tech
Dagger,Sky,Black,x2,Iron,50,80,1,Fire,Sky,80,80,Traditional
Dagger,Sky,Black,x2,Iron,50,80,1,Fire,Sky,80,80,Steampunk
Dagger,Sky,Black,x2,Iron,50,80,1,Bolt,Sky,80,80,Traditional
Dagger,Sky,Black,x2,Iron,50,80,1,Bolt,Sky,80,80,Steampunk
Dagger,Sky,Black,x2,Iron,50,80,1,Bolt,Sky,80,80,Tech
Longsword,Sky,White,x2,Iron,50,80,1,Fire,Sky,80,80,Traditional
Longsword,Sky,White,x2,Iron,50,80,1,Fire,Sky,80,80,Steampunk
Longsword,Sky,White,x2,Iron,50,80,1,Bolt,Sky,80,80,Traditional
Longsword,Sky,White,x2,Iron,50,80,1,Bolt,Sky,80,80,Steampunk
Longsword,Sky,White,x2,Iron,50,80,1,Bolt,Sky,80,80,Tech
Longsword,Sky,White,x3,Iron,50,80,1,Fire,Sky,80,80,Traditional
Longsword,Sky,White,x3,Iron,50,80,1,Fire,Sky,80,80,Steampunk
Longsword,Sky,White,x3,Iron,50,80,1,Bolt,Sky,80,80,Traditional
Longsword,Sky,White,x3,Iron,50,80,1,Bolt,Sky,80,80,Steampunk
Longsword,Sky,White,x3,Iron,50,80,1,Bolt,Sky,80,80,Tech
Longsword,Sky,White,x4,Iron,50,80,1,Fire,Sky,80,80,Traditional
Longsword,Sky,White,x4,Iron,50,80,1,Fire,Sky,80,80,Steampunk
Longsword,Sky,White,x4,Iron,50,80,1,Bolt,Sky,80,80,Traditional
Longsword,Sky,White,x4,Iron,50,80,1,Bolt,Sky,80,80,Steampunk
Longsword,Sky,White,x4,Iron,50,80,1,Bolt,Sky,80,80,Tech
Longsword,Sky,Black,x2,Iron,50,80,1,Fire,Sky,80,80,Traditional
Longsword,Sky,Black,x2,Iron,50,80,1,Fire,Sky,80,80,Steampunk
Longsword,Sky,Black,x2,Iron,50,80,1,Bolt,Sky,80,80,Traditional
Longsword,Sky,Black,x2,Iron,50,80,1,Bolt,Sky,80,80,Steampunk
Longsword,Sky,Black,x2,Iron,50,80,1,Bolt,Sky,80,80,Tech
Rapier,Sky,White,x2,Iron,50,80,1,Fire,Sky,80,80,Traditional
Rapier,Sky,White,x2,Iron,50,80,1,Fire,Sky,80,80,Steampunk
Rapier,Sky,White,x2,Iron,50,80,1,Bolt,Sky,80,80,Traditional
Rapier,Sky,White,x2,Iron,50,80,1,Bolt,Sky,80,80,Steampunk
Rapier,Sky,White,x2,Iron,50,80,1,Bolt,Sky,80,80,Tech
Dagger,Sky,Clear,x2,Iron,50,80,1,Fire,Sky,80,80,Traditional
Dagger,Sky,Clear,x2,Iron,50,80,1,Fire,Sky,80,80,Steampunk
Dagger,Sky,Clear,x2,Iron,50,80,1,Bolt,Sky,80,80,Traditional
Dagger,Sky,Clear,x2,Iron,50,80,1,Bolt,Sky,80,80,Steampunk
Dagger,Sky,Clear,x2,Iron,50,80,1,Bolt,Sky,80,80,Tech
Dagger,Sky,Burnt,x2,Iron,50,80,1,Fire,Sky,80,80,Traditional
Dagger,Sky,Burnt,x2,Iron,50,80,1,Fire,Sky,80,80,Steampunk
Dagger,Sky,Burnt,x2,Iron,50,80,1,Bolt,Sky,80,80,Traditional
Dagger,Sky,Burnt,x2,Iron,50,80,1,Bolt,Sky,80,80,Steampunk
Dagger,Sky,Burnt,x2,Iron,50,80,1,Bolt,Sky,80,80,Tech
Rapier,Sky,White,x2,Steel,20,120,1,Fire,Sky,40,120,Traditional
Rapier,Sky,White,x2,Steel,20,120,1,Fire,Sky,40,120,Steampunk
Longsword,Sky,White,x2,Steel,20,120,1,Fire,Sky,40,120,Traditional
Longsword,Sky,White,x2,Steel,20,120,1,Fire,Sky,40,120,Steampunk
Longsword,Sky,Black,x2,Steel,20,120,1,Fire,Sky,40,120,Traditional
Longsword,Sky,Black,x2,Steel,20,120,1,Fire,Sky,40,120,Steampunk
Dagger,Sky,White,x4,Bronze,20,40,1,Fire,Sky,40,40,Traditional
Dagger,Sky,White,x4,Bronze,20,40,1,Fire,Sky,40,40,Steampunk
Dagger,Sky,White,x4,Aluminum,20,40,1,Fire,Sky,40,40,Traditional
Dagger,Sky,White,x4,Aluminum,20,40,1,Fire,Sky,40,40,Steampunk
Dagger,Sky,White,x4,Titanium,20,40,1,Fire,Sky,40,40,Traditional
Dagger,Sky,White,x4,Titanium,20,40,1,Fire,Sky,40,40,Steampunk
Dagger,Sky,White,+3,Platinum,28,-,1,Fire,Sky,-,-,Traditional
Dagger,Sky,White,+3,Platinum,28,-,1,Fire,Sky,-,-,Steampunk
Longsword,Sky,White,+3,Platinum,28,-,1,Fire,Sky,-,-,Traditional
Longsword,Sky,White,+3,Platinum,28,-,1,Fire,Sky,-,-,Steampunk
Warhammer,Sky,White,+3,Platinum,28,-,1,Fire,Sky,-,-,Traditional
Warhammer,Sky,White,+3,Platinum,28,-,1,Fire,Sky,-,-,Steampunk
Dagger,Sky,White,x4,Gold,20,40,1,Fire,Sky,40,40,Traditional
Dagger,Sky,White,x4,Gold,20,40,1,Fire,Sky,40,40,Steampunk
Warhammer,Sky,White,x4,Gold,20,40,1,Fire,Sky,40,40,Traditional
Warhammer,Sky,White,x4,Gold,20,40,1,Fire,Sky,40,40,Steampunk
Poleaxe,Sky,White,x2,Iron,20,40,1,Poison,Sky,40,40,Mystery
Spear,Sky,White,x2,Iron,20,40,1,Poison,Sky,40,40,Mystery
Spear,Sky,White,x3,Iron,20,40,1,Poison,Sky,40,40,Mystery
Spear,Sky,White,x4,Iron,20,40,1,Poison,Sky,40,40,Mystery
Poleaxe,Sky,White,x2,Steel,20,80,1,Poison,Sky,40,80,Mystery
Spear,Sky,White,x2,Steel,20,80,1,Poison,Sky,40,80,Mystery
Spear,Sky,White,x2,Iron,20,40,1,Earth,Sky,40,40,Traditional
Spear,Sky,White,x2,Iron,20,40,1,Earth,Sky,40,40,Steampunk
Spear,Sky,White,x2,Iron,20,40,1,Poison,Sky,40,40,Mystery
Dagger,Sky,White,x4,Iron,50,80,1,Fire,Sky,80,80,Traditional
Dagger,Sky,White,x4,Iron,50,80,1,Fire,Sky,80,80,Steampunk
Dagger,Sky,White,x4,Iron,50,80,1,Bolt,Sky,80,80,Traditional
Dagger,Sky,White,x4,Iron,50,80,1,Bolt,Sky,80,80,Steampunk
Dagger,Sky,White,x4,Iron,50,80,1,Bolt,Sky,80,80,Tech
Dagger,Sky,White,x2,Iron,20,40,1,Fire,Sky,40,40,Traditional
Dagger,Sky,White,x2,Iron,20,40,1,Fire,Sky,40,40,Steampunk
Dagger,Sky,White,x2,Iron,20,40,1,Electric,Sky,40,40,Traditional
Dagger,Sky,White,x2,Iron,20,40,1,Electric,Sky,40,40,Steampunk
Dagger,Sky,White,x2,Iron,20,40,1,Bolt,Sky,40,40,Traditional
Dagger,Sky,White,x2,Iron,20,40,1,Bolt,Sky,40,40,Steampunk
Dagger,Sky,White,x2,Iron,20,40,1,Bolt,Sky,40,40,Tech
Dagger,Sky,White,x2,Iron,50,80,1,Fire,Sky,80,80,Traditional
Dagger,Sky,White,x2,Iron,50,80,1,Fire,Sky,80,80,Steampunk
Dagger,Sky,White,x2,Iron,50,80,1,Bolt,Sky,80,80,Traditional
Dagger,Sky,White,x2,Iron,50,80,1,Bolt,Sky,80,80,Steampunk
Dagger,Sky,White,x2,Iron,50,80,1,Bolt,Sky,80,80,Tech
Dagger,Sky,White,x2,Steel,20,80,1,Fire,Sky,40,80,Traditional
Dagger,Sky,White,x2,Steel,20,80,1,Fire,Sky,40,80,Steampunk
Dagger,Sky,White,x2,Steel,20,80,1,Electric,Sky,40,80,Traditional
Dagger,Sky,White,x2,Steel,20,80,1,Electric,Sky,40,80,Steampunk
Dagger,Sky,White,x2,Steel,20,80,1,Bolt,Sky,40,80,Traditional
Dagger,Sky,White,x2,Steel,20,80,1,Bolt,Sky,40,80,Steampunk
Dagger,Sky,White,x2,Steel,20,80,1,Fire,Sky,40,80,Traditional
Dagger,Sky,White,x2,Steel,20,80,1,Fire,Sky,40,80,Steampunk
Dagger,Sky,White,x2,Steel,20,80,1,Electric,Sky,40,80,Traditional
Dagger,Sky,White,x2,Steel,20,80,1,Electric,Sky,40,80,Steampunk
Dagger,Sky,White,x2,Steel,20,80,1,Bolt,Sky,40,80,Traditional
Dagger,Sky,White,x2,Steel,20,80,1,Bolt,Sky,40,80,Steampunk
Spear,Sky,White,x2,Steel,20,80,1,Earth,Sky,40,80,Traditional
Spear,Sky,White,x2,Steel,20,80,1,Earth,Sky,40,80,Steampunk
Spear,Sky,White,x2,Steel,20,80,1,Poison,Sky,40,80,Mystery
Spear,Sky,White,x2,Steel,20,80,1,Earth,Sky,40,80,Traditional
Spear,Sky,White,x2,Steel,20,80,1,Earth,Sky,40,80,Steampunk
Spear,Sky,White,x2,Steel,20,80,1,Blaze,Sky,40,80,Mystery
Dagger,Sky,White,+3,Platinum,28,-,1,Fire,Sky,-,-,Traditional
Dagger,Sky,White,+3,Platinum,28,-,1,Fire,Sky,-,-,Steampunk
Dagger,Mach,White,x2,Steel,10,80,2,Fire,Mach,20,40,Traditional
Dagger,Mach,White,x2,Steel,10,80,2,Fire,Mach,20,40,Steampunk
Warhammer,Mach,White,x2,Steel,10,80,2,Fire,Mach,20,40,Traditional
Warhammer,Mach,White,x2,Steel,10,80,2,Fire,Mach,20,40,Steampunk
Dagger,Mach,White,x2,Steel,10,80,2,Fire,Mach,20,40,Traditional
Dagger,Mach,White,x2,Steel,10,80,2,Fire,Mach,20,40,Steampunk
Warhammer,Mach,White,x2,Steel,10,80,2,Fire,Mach,20,40,Traditional
Warhammer,Mach,White,x2,Steel,10,80,2,Fire,Mach,20,40,Steampunk
Dagger,Mach,White,x2,Steel,20,80,2,Fire,Mach,40,40,Traditional
Dagger,Mach,White,x2,Steel,20,80,2,Fire,Mach,40,40,Steampunk
Warhammer,Mach,White,x2,Steel,20,80,2,Fire,Mach,40,40,Traditional
Warhammer,Mach,White,x2,Steel,20,80,2,Fire,Mach,40,40,Steampunk
Dagger,Mach,White,x2,Steel,20,80,2,Fire,Mach,40,40,Traditional
Dagger,Mach,White,x2,Steel,20,80,2,Fire,Mach,40,40,Steampunk
Dagger,Mach,White,x2,Steel,10,80,2,Fire,Mach,20,40,Traditional
Dagger,Mach,White,x2,Steel,10,80,2,Fire,Mach,20,40,Steampunk
Dagger,Mach,White,x2,Steel,20,80,2,Fire,Mach,40,40,Traditional
Dagger,Mach,White,x2,Steel,20,80,2,Fire,Mach,40,40,Steampunk
Dagger,Mach,White,x2,Steel,10,80,2,Fire,Mach,20,40,Traditional
Dagger,Mach,White,x2,Steel,10,80,2,Fire,Mach,20,40,Steampunk
Dagger,Heavy,White,x2,Steel,30,60,2,Bolt,Heavy,30,30,Traditional
Dagger,Heavy,White,x2,Steel,30,60,2,Bolt,Heavy,30,30,Steampunk
Dagger,Heavy,White,x2,Steel,30,60,2,Bolt,Heavy,30,30,Tech
Dagger,Heavy,White,x3,Steel,30,60,2,Bolt,Heavy,30,30,Traditional
Dagger,Heavy,White,x3,Steel,30,60,2,Bolt,Heavy,30,30,Steampunk
Dagger,Heavy,White,x3,Steel,30,60,2,Bolt,Heavy,30,30,Tech
Dagger,Heavy,White,x4,Steel,30,60,2,Bolt,Heavy,30,30,Traditional
Dagger,Heavy,White,x4,Steel,30,60,2,Bolt,Heavy,30,30,Steampunk
Dagger,Heavy,White,x4,Steel,30,60,2,Bolt,Heavy,30,30,Tech
Dagger,Heavy,White,x4,Steel,30,60,2,Bolt,Heavy,30,30,Traditional
Dagger,Heavy,White,x4,Steel,30,60,2,Bolt,Heavy,30,30,Steampunk
Dagger,Heavy,White,x4,Steel,30,60,2,Bolt,Heavy,30,30,Tech
Dagger,Heavy,Black,x2,Steel,30,60,2,Bolt,Heavy,30,30,Traditional
Dagger,Heavy,Black,x2,Steel,30,60,2,Bolt,Heavy,30,30,Steampunk
Dagger,Heavy,Black,x2,Steel,30,60,2,Bolt,Heavy,30,30,Tech
Longsword,Heavy,White,x2,Steel,30,60,2,Bolt,Heavy,30,30,Traditional
Longsword,Heavy,White,x2,Steel,30,60,2,Bolt,Heavy,30,30,Steampunk
Longsword,Heavy,White,x2,Steel,30,60,2,Bolt,Heavy,30,30,Tech
Longsword,Heavy,White,x3,Steel,30,60,2,Bolt,Heavy,30,30,Traditional
Longsword,Heavy,White,x3,Steel,30,60,2,Bolt,Heavy,30,30,Steampunk
Longsword,Heavy,White,x3,Steel,30,60,2,Bolt,Heavy,30,30,Tech
Longsword,Heavy,White,x4,Steel,30,60,2,Bolt,Heavy,30,30,Traditional
Longsword,Heavy,White,x4,Steel,30,60,2,Bolt,Heavy,30,30,Steampunk
Longsword,Heavy,White,x4,Steel,30,60,2,Bolt,Heavy,30,30,Tech
Longsword,Heavy,Black,x2,Steel,30,60,2,Bolt,Heavy,30,30,Traditional
Longsword,Heavy,Black,x2,Steel,30,60,2,Bolt,Heavy,30,30,Steampunk
Longsword,Heavy,Black,x2,Steel,30,60,2,Bolt,Heavy,30,30,Tech
Rapier,Heavy,White,x2,Steel,30,60,2,Bolt,Heavy,30,30,Traditional
Rapier,Heavy,White,x2,Steel,30,60,2,Bolt,Heavy,30,30,Steampunk
Rapier,Heavy,White,x2,Steel,30,60,2,Bolt,Heavy,30,30,Tech
Rapier,Heavy,White,x3,Steel,30,60,2,Bolt,Heavy,30,30,Traditional
Rapier,Heavy,White,x3,Steel,30,60,2,Bolt,Heavy,30,30,Steampunk
Rapier,Heavy,White,x3,Steel,30,60,2,Bolt,Heavy,30,30,Tech
Rapier,Heavy,White,x4,Steel,30,60,2,Bolt,Heavy,30,30,Traditional
Rapier,Heavy,White,x4,Steel,30,60,2,Bolt,Heavy,30,30,Steampunk
Rapier,Heavy,White,x4,Steel,30,60,2,Bolt,Heavy,30,30,Tech
Rapier,Heavy,Black,x2,Steel,30,60,2,Bolt,Heavy,30,30,Traditional
Rapier,Heavy,Black,x2,Steel,30,60,2,Bolt,Heavy,30,30,Steampunk
Rapier,Heavy,Black,x2,Steel,30,60,2,Bolt,Heavy,30,30,Tech
Sabre,Heavy,White,x2,Steel,30,60,2,Bolt,Heavy,30,30,Traditional
Sabre,Heavy,White,x2,Steel,30,60,2,Bolt,Heavy,30,30,Steampunk
Sabre,Heavy,White,x2,Steel,30,60,2,Bolt,Heavy,30,30,Tech
Sabre,Heavy,Black,x2,Steel,30,60,2,Bolt,Heavy,30,30,Traditional
Sabre,Heavy,Black,x2,Steel,30,60,2,Bolt,Heavy,30,30,Steampunk
Sabre,Heavy,Black,x2,Steel,30,60,2,Bolt,Heavy,30,30,Tech
Spear,Heavy,White,x2,Steel,30,60,2,Bolt,Heavy,30,30,Traditional
Spear,Heavy,White,x2,Steel,30,60,2,Bolt,Heavy,30,30,Steampunk
Spear,Heavy,White,x2,Steel,30,60,2,Bolt,Heavy,30,30,Tech
Dagger,Heavy,White,+21,Steel,30,60,2,Bolt,Heavy,30,30,Traditional
Dagger,Heavy,White,+21,Steel,30,60,2,Bolt,Heavy,30,30,Steampunk
Dagger,Heavy,White,+21,Steel,30,60,2,Bolt,Heavy,30,30,Tech
Dagger,Heavy,Clear,x2,Steel,30,60,2,Bolt,Heavy,30,30,Traditional
Dagger,Heavy,Clear,x2,Steel,30,60,2,Bolt,Heavy,30,30,Steampunk
Dagger,Heavy,Clear,x2,Steel,30,60,2,Bolt,Heavy,30,30,Tech
Poleaxe,Heavy,White,x2,Steel,30,60,2,Earth,Heavy,30,60,Traditional
Poleaxe,Heavy,White,x2,Steel,30,60,2,Earth,Heavy,30,60,Steampunk
Spear,Heavy,White,x2,Steel,30,60,2,Earth,Heavy,30,60,Traditional
Spear,Heavy,White,x2,Steel,30,60,2,Earth,Heavy,30,60,Steampunk
Dagger,Heavy,White,x2,Iron,35,60,2,Electric,Heavy,30,60,Traditional
Dagger,Heavy,White,x2,Iron,35,60,2,Electric,Heavy,30,60,Steampunk
Dagger,Heavy,White,x3,Iron,35,60,2,Electric,Heavy,30,60,Traditional
Dagger,Heavy,White,x3,Iron,35,60,2,Electric,Heavy,30,60,Steampunk
Dagger,Heavy,White,x4,Iron,35,60,2,Electric,Heavy,30,60,Traditional
Dagger,Heavy,White,x4,Iron,35,60,2,Electric,Heavy,30,60,Steampunk
Dagger,Heavy,Black,x2,Iron,35,60,2,Electric,Heavy,30,60,Traditional
Dagger,Heavy,Black,x2,Iron,35,60,2,Electric,Heavy,30,60,Steampunk
Warhammer,Heavy,White,x2,Iron,35,60,2,Electric,Heavy,30,60,Traditional
Warhammer,Heavy,White,x2,Iron,35,60,2,Electric,Heavy,30,60,Steampunk
Warhammer,Heavy,White,x3,Iron,35,60,2,Electric,Heavy,30,60,Traditional
Warhammer,Heavy,White,x3,Iron,35,60,2,Electric,Heavy,30,60,Steampunk
Warhammer,Heavy,Black,x2,Iron,35,60,2,Electric,Heavy,30,60,Traditional
Warhammer,Heavy,Black,x2,Iron,35,60,2,Electric,Heavy,30,60,Steampunk
Spear,Heavy,White,x2,Iron,35,60,2,Electric,Heavy,30,60,Traditional
Spear,Heavy,White,x2,Iron,35,60,2,Electric,Heavy,30,60,Steampunk
Dagger,Heavy,Clear,x2,Iron,35,60,2,Electric,Heavy,30,60,Traditional
Dagger,Heavy,Clear,x2,Iron,35,60,2,Electric,Heavy,30,60,Steampunk
Dagger,Heavy,White,x2,Steel,30,120,2,Fire,Heavy,30,60,Traditional
Dagger,Heavy,White,x2,Steel,30,120,2,Fire,Heavy,30,60,Steampunk
Dagger,Heavy,White,x2,Steel,30,120,2,Electric,Heavy,30,60,Traditional
Dagger,Heavy,White,x2,Steel,30,120,2,Electric,Heavy,30,60,Steampunk
Dagger,Heavy,White,x2,Steel,30,120,2,Bolt,Heavy,30,60,Traditional
Dagger,Heavy,White,x2,Steel,30,120,2,Bolt,Heavy,30,60,Steampunk
Longsword,Heavy,White,x2,Steel,30,120,2,Fire,Heavy,30,60,Traditional
Longsword,Heavy,White,x2,Steel,30,120,2,Fire,Heavy,30,60,Steampunk
Longsword,Heavy,White,x2,Steel,30,120,2,Electric,Heavy,30,60,Traditional
Longsword,Heavy,White,x2,Steel,30,120,2,Electric,Heavy,30,60,Steampunk
Longsword,Heavy,White,x2,Steel,30,120,2,Bolt,Heavy,30,60,Traditional
Longsword,Heavy,White,x2,Steel,30,120,2,Bolt,Heavy,30,60,Steampunk
Rapier,Heavy,White,x2,Steel,30,120,2,Fire,Heavy,30,60,Traditional
Rapier,Heavy,White,x2,Steel,30,120,2,Fire,Heavy,30,60,Steampunk
Rapier,Heavy,White,x2,Steel,30,120,2,Electric,Heavy,30,60,Traditional
Rapier,Heavy,White,x2,Steel,30,120,2,Electric,Heavy,30,60,Steampunk
Rapier,Heavy,White,x2,Steel,30,120,2,Bolt,Heavy,30,60,Traditional
Rapier,Heavy,White,x2,Steel,30,120,2,Bolt,Heavy,30,60,Steampunk
Longsword,Heavy,Black,x2,Steel,30,120,2,Fire,Heavy,30,60,Traditional
Longsword,Heavy,Black,x2,Steel,30,120,2,Fire,Heavy,30,60,Steampunk
Longsword,Heavy,Black,x2,Steel,30,120,2,Electric,Heavy,30,60,Traditional
Longsword,Heavy,Black,x2,Steel,30,120,2,Electric,Heavy,30,60,Steampunk
Longsword,Heavy,Black,x2,Steel,30,120,2,Bolt,Heavy,30,60,Traditional
Longsword,Heavy,Black,x2,Steel,30,120,2,Bolt,Heavy,30,60,Steampunk
Longsword,Heavy,Black,x2,Steel,30,120,2,Fire,Heavy,30,60,Traditional
Longsword,Heavy,Black,x2,Steel,30,120,2,Fire,Heavy,30,60,Steampunk
Longsword,Heavy,Black,x2,Steel,30,120,2,Electric,Heavy,30,60,Traditional
Longsword,Heavy,Black,x2,Steel,30,120,2,Electric,Heavy,30,60,Steampunk
Longsword,Heavy,Black,x2,Steel,30,120,2,Bolt,Heavy,30,60,Traditional
Longsword,Heavy,Black,x2,Steel,30,120,2,Bolt,Heavy,30,60,Steampunk
Dagger,Heavy,Burnt,x2,Iron,35,60,2,Electric,Heavy,30,60,Traditional
Dagger,Heavy,Burnt,x2,Iron,35,60,2,Electric,Heavy,30,60,Steampunk
Dagger,Heavy,Burnt,x2,Steel,30,60,2,Bolt,Heavy,30,30,Traditional
Dagger,Heavy,Burnt,x2,Steel,30,60,2,Bolt,Heavy,30,30,Steampunk
Dagger,Heavy,Burnt,x2,Steel,30,60,2,Bolt,Heavy,30,30,Tech
Dagger,Heavy,White,x2,Steel,30,60,2,Bolt,Heavy,30,30,Traditional
Dagger,Heavy,White,x2,Steel,30,60,2,Bolt,Heavy,30,30,Steampunk
Dagger,Heavy,White,x2,Steel,30,60,2,Bolt,Heavy,30,30,Tech
Dagger,Heavy,White,x2,Iron,35,60,2,Electric,Heavy,30,60,Traditional
Dagger,Heavy,White,x2,Iron,35,60,2,Electric,Heavy,30,60,Steampunk
Spear,Heavy,White,x2,Steel,30,60,2,Earth,Heavy,30,60,Traditional
Spear,Heavy,White,x2,Steel,30,60,2,Earth,Heavy,30,60,Steampunk
Dagger,Heavy,White,x2,Steel,30,60,2,Bolt,Heavy,30,30,Traditional
Dagger,Heavy,White,x2,Steel,30,60,2,Bolt,Heavy,30,30,Steampunk
Spear,Heavy,White,x2,Steel,30,60,2,Earth,Heavy,30,60,Traditional
Spear,Heavy,White,x2,Steel,30,60,2,Earth,Heavy,30,60,Steampunk
Dagger,Sky,White,x2,Steel,20,80,2,Bolt,Sky,40,40,Traditional
Dagger,Sky,White,x2,Steel,20,80,2,Bolt,Sky,40,40,Steampunk
Dagger,Sky,White,x2,Steel,20,80,2,Bolt,Sky,40,40,Tech
Dagger,Sky,White,x3,Steel,20,80,2,Bolt,Sky,40,40,Traditional
Dagger,Sky,White,x3,Steel,20,80,2,Bolt,Sky,40,40,Steampunk
Dagger,Sky,White,x3,Steel,20,80,2,Bolt,Sky,40,40,Tech
Dagger,Sky,White,x4,Steel,20,80,2,Bolt,Sky,40,40,Traditional
Dagger,Sky,White,x4,Steel,20,80,2,Bolt,Sky,40,40,Steampunk
Dagger,Sky,White,x4,Steel,20,80,2,Bolt,Sky,40,40,Tech
Dagger,Sky,White,x4,Steel,20,80,2,Bolt,Sky,40,40,Traditional
Dagger,Sky,White,x4,Steel,20,80,2,Bolt,Sky,40,40,Steampunk
Dagger,Sky,White,x4,Steel,20,80,2,Bolt,Sky,40,40,Tech
Dagger,Sky,Black,x2,Steel,20,80,2,Bolt,Sky,40,40,Traditional
Dagger,Sky,Black,x2,Steel,20,80,2,Bolt,Sky,40,40,Steampunk
Dagger,Sky,Black,x2,Steel,20,80,2,Bolt,Sky,40,40,Tech
Longsword,Sky,White,x2,Steel,20,80,2,Bolt,Sky,40,40,Traditional
Longsword,Sky,White,x2,Steel,20,80,2,Bolt,Sky,40,40,Steampunk
Longsword,Sky,White,x2,Steel,20,80,2,Bolt,Sky,40,40,Tech
Longsword,Sky,White,x3,Steel,20,80,2,Bolt,Sky,40,40,Traditional
Longsword,Sky,White,x3,Steel,20,80,2,Bolt,Sky,40,40,Steampunk
Longsword,Sky,White,x3,Steel,20,80,2,Bolt,Sky,40,40,Tech
Longsword,Sky,White,x4,Steel,20,80,2,Bolt,Sky,40,40,Traditional
Longsword,Sky,White,x4,Steel,20,80,2,Bolt,Sky,40,40,Steampunk
Longsword,Sky,White,x4,Steel,20,80,2,Bolt,Sky,40,40,Tech
Longsword,Sky,Black,x2,Steel,20,80,2,Bolt,Sky,40,40,Traditional
Longsword,Sky,Black,x2,Steel,20,80,2,Bolt,Sky,40,40,Steampunk
Longsword,Sky,Black,x2,Steel,20,80,2,Bolt,Sky,40,40,Tech
Rapier,Sky,White,x2,Steel,20,80,2,Bolt,Sky,40,40,Traditional
Rapier,Sky,White,x2,Steel,20,80,2,Bolt,Sky,40,40,Steampunk
Rapier,Sky,White,x2,Steel,20,80,2,Bolt,Sky,40,40,Tech
Rapier,Sky,White,x3,Steel,20,80,2,Bolt,Sky,40,40,Traditional
Rapier,Sky,White,x3,Steel,20,80,2,Bolt,Sky,40,40,Steampunk
Rapier,Sky,White,x3,Steel,20,80,2,Bolt,Sky,40,40,Tech
Rapier,Sky,Black,x2,Steel,20,80,2,Bolt,Sky,40,40,Traditional
Rapier,Sky,Black,x2,Steel,20,80,2,Bolt,Sky,40,40,Steampunk
Rapier,Sky,Black,x2,Steel,20,80,2,Bolt,Sky,40,40,Tech
Sabre,Sky,White,x2,Steel,20,80,2,Bolt,Sky,40,40,Traditional
Sabre,Sky,White,x2,Steel,20,80,2,Bolt,Sky,40,40,Steampunk
Sabre,Sky,White,x2,Steel,20,80,2,Bolt,Sky,40,40,Tech
Sabre,Sky,Black,x2,Steel,20,80,2,Bolt,Sky,40,40,Traditional
Sabre,Sky,Black,x2,Steel,20,80,2,Bolt,Sky,40,40,Steampunk
Sabre,Sky,Black,x2,Steel,20,80,2,Bolt,Sky,40,40,Tech
Spear,Sky,White,x2,Steel,20,80,2,Bolt,Sky,40,40,Traditional
Spear,Sky,White,x2,Steel,20,80,2,Bolt,Sky,40,40,Steampunk
Spear,Sky,White,x2,Steel,20,80,2,Bolt,Sky,40,40,Tech
Dagger,Sky,Clear,x2,Steel,20,80,2,Bolt,Sky,40,40,Traditional
Dagger,Sky,Clear,x2,Steel,20,80,2,Bolt,Sky,40,40,Steampunk
Dagger,Sky,Clear,x2,Steel,20,80,2,Bolt,Sky,40,40,Tech
Dagger,Sky,Burnt,x2,Steel,20,80,2,Bolt,Sky,40,40,Traditional
Dagger,Sky,Burnt,x2,Steel,20,80,2,Bolt,Sky,40,40,Steampunk
Poleaxe,Sky,White,x2,Steel,20,80,2,Bolt,Sky,40,40,Tech
Dagger,Sky,White,x2,Steel,20,160,2,Fire,Sky,40,80,Traditional
Dagger,Sky,White,x2,Steel,20,160,2,Fire,Sky,40,80,Steampunk
Dagger,Sky,White,x2,Steel,20,160,2,Electric,Sky,40,80,Traditional
Dagger,Sky,White,x2,Steel,20,160,2,Electric,Sky,40,80,Steampunk
Dagger,Sky,White,x2,Steel,20,160,2,Bolt,Sky,40,80,Traditional
Dagger,Sky,White,x2,Steel,20,160,2,Bolt,Sky,40,80,Steampunk
Longsword,Sky,White,x2,Steel,20,160,2,Fire,Sky,40,80,Traditional
Longsword,Sky,White,x2,Steel,20,160,2,Fire,Sky,40,80,Steampunk
Longsword,Sky,White,x2,Steel,20,160,2,Electric,Sky,40,80,Traditional
Longsword,Sky,White,x2,Steel,20,160,2,Electric,Sky,40,80,Steampunk
Longsword,Sky,White,x2,Steel,20,160,2,Bolt,Sky,40,80,Traditional
Longsword,Sky,White,x2,Steel,20,160,2,Bolt,Sky,40,80,Steampunk
Warhammer,Sky,White,x2,Steel,20,160,2,Fire,Sky,40,80,Traditional
Warhammer,Sky,White,x2,Steel,20,160,2,Fire,Sky,40,80,Steampunk
Warhammer,Sky,White,x2,Steel,20,160,2,Electric,Sky,40,80,Traditional
Warhammer,Sky,White,x2,Steel,20,160,2,Electric,Sky,40,80,Steampunk
Warhammer,Sky,White,x2,Steel,20,160,2,Bolt,Sky,40,80,Traditional
Warhammer,Sky,White,x2,Steel,20,160,2,Bolt,Sky,40,80,Steampunk
Longsword,Sky,Black,x2,Steel,20,160,2,Fire,Sky,40,80,Traditional
Longsword,Sky,Black,x2,Steel,20,160,2,Fire,Sky,40,80,Steampunk
Longsword,Sky,Black,x2,Steel,20,160,2,Electric,Sky,40,80,Traditional
Longsword,Sky,Black,x2,Steel,20,160,2,Electric,Sky,40,80,Steampunk
Longsword,Sky,Black,x2,Steel,20,160,2,Bolt,Sky,40,80,Traditional
Longsword,Sky,Black,x2,Steel,20,160,2,Bolt,Sky,40,80,Steampunk
Dagger,Sky,White,x2,Steel,50,160,2,Fire,Sky,80,80,Traditional
Dagger,Sky,White,x2,Steel,50,160,2,Fire,Sky,80,80,Steampunk
Longsword,Sky,White,x2,Steel,50,160,2,Fire,Sky,80,80,Traditional
Longsword,Sky,White,x2,Steel,50,160,2,Fire,Sky,80,80,Steampunk
Rapier,Sky,White,x2,Steel,50,160,2,Fire,Sky,80,80,Traditional
Rapier,Sky,White,x2,Steel,50,160,2,Fire,Sky,80,80,Steampunk
Dagger,Sky,Black,x2,Steel,50,160,2,Fire,Sky,80,80,Traditional
Dagger,Sky,Black,x2,Steel,50,160,2,Fire,Sky,80,80,Steampunk
Dagger,Sky,White,x2,Steel,20,80,2,Bolt,Sky,40,40,Traditional
Dagger,Sky,White,x2,Steel,20,80,2,Bolt,Sky,40,40,Steampunk
Dagger,Sky,White,x2,Steel,20,80,2,Bolt,Sky,40,40,Tech
Dagger,Sky,White,x2,Steel,20,80,2,Bolt,Sky,40,40,Traditional
Dagger,Sky,White,x2,Steel,20,80,2,Bolt,Sky,40,40,Steampunk
Dagger,Sky,White,x2,Steel,20,80,2,Bolt,Sky,40,40,Tech
Longsword,Heavy,White,x2,Steel,30,300,5,Fire,Heavy,30,60,Traditional
Longsword,Heavy,White,x2,Steel,30,300,5,Fire,Heavy,30,60,Steampunk
Longsword,Heavy,White,x2,Steel,30,300,5,Electric,Heavy,30,60,Traditional
Longsword,Heavy,White,x2,Steel,30,300,5,Electric,Heavy,30,60,Steampunk
Longsword,Heavy,White,x2,Steel,30,300,5,Bolt,Heavy,30,60,Traditional
Longsword,Heavy,White,x2,Steel,30,300,5,Bolt,Heavy,30,60,Steampunk
Longsword,Heavy,White,x2,Steel,30,300,5,Fire,Heavy,30,60,Traditional
Longsword,Heavy,White,x2,Steel,30,300,5,Fire,Heavy,30,60,Steampunk
Longsword,Heavy,White,x2,Steel,30,300,5,Electric,Heavy,30,60,Traditional
Longsword,Heavy,White,x2,Steel,30,300,5,Electric,Heavy,30,60,Steampunk
Longsword,Heavy,White,x2,Steel,30,300,5,Bolt,Heavy,30,60,Traditional
Longsword,Heavy,White,x2,Steel,30,300,5,Bolt,Heavy,30,60,Steampunk
